method,suite,setting,pair,aggregation,metric,mean_of_seed_split_means,seed_std,pooled_split_std,num_seeds,num_runs
official_code_lidargaitpp,clip_length,len1_c2c3_full,diagnostic_fixed5_only_to_special,query_micro,mAP,0.5695864839038748,0.0,0.028049499736646014,1,5
official_code_lidargaitpp,clip_length,len1_c2c3_full,diagnostic_fixed5_only_to_special,query_micro,rank1,0.5587822014051522,0.0,0.06366578487136747,1,5
official_code_lidargaitpp,clip_length,len1_c2c3_full,diagnostic_fixed5_only_to_special,query_micro,rank5,0.8135831381733022,0.0,0.062289799216058025,1,5
official_code_lidargaitpp,clip_length,len1_c2c3_full,diagnostic_fixed5_only_to_special,subject_macro,mAP,0.5505739202886852,0.0,0.025131816474817725,1,5
official_code_lidargaitpp,clip_length,len1_c2c3_full,diagnostic_fixed5_only_to_special,subject_macro,rank1,0.5328952014907989,0.0,0.05926496150572298,1,5
official_code_lidargaitpp,clip_length,len1_c2c3_full,diagnostic_fixed5_only_to_special,subject_macro,rank5,0.7975061495457723,0.0,0.061355999720339165,1,5
official_code_lidargaitpp,clip_length,len1_c2c3_full,test_all_personal,query_micro,mAP,0.7335333880903275,0.0,0.057561623274303114,1,5
official_code_lidargaitpp,clip_length,len1_c2c3_full,test_all_personal,query_micro,rank1,0.8037312281907557,0.0,0.04804088010387095,1,5
official_code_lidargaitpp,clip_length,len1_c2c3_full,test_all_personal,query_micro,rank5,0.9676878920857164,0.0,0.014702717795812585,1,5
official_code_lidargaitpp,clip_length,len1_c2c3_full,test_all_personal,subject_macro,mAP,0.7360673571144225,0.0,0.057496016668004905,1,5
official_code_lidargaitpp,clip_length,len1_c2c3_full,test_all_personal,subject_macro,rank1,0.8063569023569024,0.0,0.048105611111686326,1,5
official_code_lidargaitpp,clip_length,len1_c2c3_full,test_all_personal,subject_macro,rank5,0.9682082732082732,0.0,0.014583886277572775,1,5
official_code_lidargaitpp,clip_length,len1_c2c3_full,test_fixed5_c4c5_normal,query_micro,mAP,0.4338336709220916,0.0,0.06557175786077085,1,5
official_code_lidargaitpp,clip_length,len1_c2c3_full,test_fixed5_c4c5_normal,query_micro,rank1,0.4531400966183575,0.0,0.1089433570460285,1,5
official_code_lidargaitpp,clip_length,len1_c2c3_full,test_fixed5_c4c5_normal,query_micro,rank5,0.6966183574879227,0.0,0.1253211236103649,1,5
official_code_lidargaitpp,clip_length,len1_c2c3_full,test_fixed5_c4c5_normal,subject_macro,mAP,0.43138599619455437,0.0,0.0625228151179254,1,5
official_code_lidargaitpp,clip_length,len1_c2c3_full,test_fixed5_c4c5_normal,subject_macro,rank1,0.4516479321314952,0.0,0.10557901608527953,1,5
official_code_lidargaitpp,clip_length,len1_c2c3_full,test_fixed5_c4c5_normal,subject_macro,rank5,0.6958515376458113,0.0,0.12287913920204266,1,5
official_code_lidargaitpp,clip_length,len1_c2c3_full,test_fixed5_c7,query_micro,mAP,0.46811946692211287,0.0,0.048781867603338205,1,5
official_code_lidargaitpp,clip_length,len1_c2c3_full,test_fixed5_c7,query_micro,rank1,0.48571428571428577,0.0,0.0880630571852711,1,5
official_code_lidargaitpp,clip_length,len1_c2c3_full,test_fixed5_c7,query_micro,rank5,0.7857142857142858,0.0,0.07586238884201002,1,5
official_code_lidargaitpp,clip_length,len1_c2c3_full,test_fixed5_c7,subject_macro,mAP,0.44123177840063976,0.0,0.06853189685897709,1,5
official_code_lidargaitpp,clip_length,len1_c2c3_full,test_fixed5_c7,subject_macro,rank1,0.4216666666666667,0.0,0.11825261331385262,1,5
official_code_lidargaitpp,clip_length,len1_c2c3_full,test_fixed5_c7,subject_macro,rank5,0.7050000000000001,0.0,0.08713814064779876,1,5
official_code_lidargaitpp,clip_length,len1_c2c3_full,test_fixed5_to_personal,query_micro,mAP,0.6522142744447925,0.0,0.0412608755627383,1,5
official_code_lidargaitpp,clip_length,len1_c2c3_full,test_fixed5_to_personal,query_micro,rank1,0.7207920792079208,0.0,0.05953780743910064,1,5
official_code_lidargaitpp,clip_length,len1_c2c3_full,test_fixed5_to_personal,query_micro,rank5,0.9485148514851485,0.0,0.019198732108579506,1,5
official_code_lidargaitpp,clip_length,len1_c2c3_full,test_fixed5_to_personal,subject_macro,mAP,0.6555443514464867,0.0,0.04178402056145412,1,5
official_code_lidargaitpp,clip_length,len1_c2c3_full,test_fixed5_to_personal,subject_macro,rank1,0.7246666666666667,0.0,0.06109091399907704,1,5
official_code_lidargaitpp,clip_length,len1_c2c3_full,test_fixed5_to_personal,subject_macro,rank5,0.9491428571428571,0.0,0.019084250490392474,1,5
official_code_lidargaitpp,clip_length,len1_c2c3_full,test_fixed5_to_special,query_micro,mAP,0.4586019445725431,0.0,0.06444841831286158,1,5
official_code_lidargaitpp,clip_length,len1_c2c3_full,test_fixed5_to_special,query_micro,rank1,0.4721311475409836,0.0,0.10232450186444089,1,5
official_code_lidargaitpp,clip_length,len1_c2c3_full,test_fixed5_to_special,query_micro,rank5,0.7227166276346605,0.0,0.10960187353629976,1,5
official_code_lidargaitpp,clip_length,len1_c2c3_full,test_fixed5_to_special,subject_macro,mAP,0.4336447416033032,0.0,0.06278397024466968,1,5
official_code_lidargaitpp,clip_length,len1_c2c3_full,test_fixed5_to_special,subject_macro,rank1,0.44135329606335894,0.0,0.10383213560240577,1,5
official_code_lidargaitpp,clip_length,len1_c2c3_full,test_fixed5_to_special,subject_macro,rank5,0.6958295131609598,0.0,0.11212448667280293,1,5
official_code_lidargaitpp,clip_length,len1_c2c3_full,test_general_to_personal,query_micro,mAP,0.8207150769633988,0.0,0.08974252712938664,1,5
official_code_lidargaitpp,clip_length,len1_c2c3_full,test_general_to_personal,query_micro,rank1,0.8920098039215686,0.0,0.07414929555650773,1,5
official_code_lidargaitpp,clip_length,len1_c2c3_full,test_general_to_personal,query_micro,rank5,0.988078431372549,0.0,0.011609035444859995,1,5
official_code_lidargaitpp,clip_length,len1_c2c3_full,test_general_to_personal,subject_macro,mAP,0.821936406776309,0.0,0.089448805689185,1,5
official_code_lidargaitpp,clip_length,len1_c2c3_full,test_general_to_personal,subject_macro,rank1,0.8929545454545454,0.0,0.07392507933963886,1,5
official_code_lidargaitpp,clip_length,len1_c2c3_full,test_general_to_personal,subject_macro,rank5,0.9883636363636363,0.0,0.0114328799434636,1,5
official_code_lidargaitpp,clip_length,len1_c2c3_full,test_mixed_c2_to_c3,query_micro,mAP,0.8209798050009542,0.0,0.04162964954582129,1,5
official_code_lidargaitpp,clip_length,len1_c2c3_full,test_mixed_c2_to_c3,query_micro,rank1,0.8477777777777777,0.0,0.04239729784075311,1,5
official_code_lidargaitpp,clip_length,len1_c2c3_full,test_mixed_c2_to_c3,query_micro,rank5,0.9800000000000001,0.0,0.024494897427831803,1,5
official_code_lidargaitpp,clip_length,len1_c2c3_full,test_mixed_c2_to_c3,subject_macro,mAP,0.8209798050009542,0.0,0.04162964954582129,1,5
official_code_lidargaitpp,clip_length,len1_c2c3_full,test_mixed_c2_to_c3,subject_macro,rank1,0.8477777777777777,0.0,0.04239729784075311,1,5
official_code_lidargaitpp,clip_length,len1_c2c3_full,test_mixed_c2_to_c3,subject_macro,rank5,0.9800000000000001,0.0,0.024494897427831803,1,5
official_code_lidargaitpp,clip_length,len1_c2c3_full,test_mixed_c3_to_c2,query_micro,mAP,0.832823950731092,0.0,0.04536019221850648,1,5
official_code_lidargaitpp,clip_length,len1_c2c3_full,test_mixed_c3_to_c2,query_micro,rank1,0.8577777777777778,0.0,0.06702220011788612,1,5
official_code_lidargaitpp,clip_length,len1_c2c3_full,test_mixed_c3_to_c2,query_micro,rank5,0.9494444444444443,0.0,0.03497794719710486,1,5
official_code_lidargaitpp,clip_length,len1_c2c3_full,test_mixed_c3_to_c2,subject_macro,mAP,0.832823950731092,0.0,0.04536019221850648,1,5
official_code_lidargaitpp,clip_length,len1_c2c3_full,test_mixed_c3_to_c2,subject_macro,rank1,0.8577777777777778,0.0,0.06702220011788612,1,5
official_code_lidargaitpp,clip_length,len1_c2c3_full,test_mixed_c3_to_c2,subject_macro,rank5,0.9494444444444443,0.0,0.03497794719710486,1,5
official_code_lidargaitpp,clip_length,len1_c2c3_full,test_query_micro_overall,query_micro,mAP,0.5454095303869833,0.0,0.05131102559209617,1,5
official_code_lidargaitpp,clip_length,len1_c2c3_full,test_query_micro_overall,query_micro,rank1,0.5769563239308463,0.0,0.07735038502823056,1,5
official_code_lidargaitpp,clip_length,len1_c2c3_full,test_query_micro_overall,query_micro,rank5,0.8006342421872091,0.0,0.07455160876899833,1,5
official_code_lidargaitpp,clip_length,len1_c2c3_full,test_query_micro_overall,subject_macro,mAP,0.6447785351799803,0.0,0.05242163580440117,1,5
official_code_lidargaitpp,clip_length,len1_c2c3_full,test_query_micro_overall,subject_macro,rank1,0.6901932857991682,0.0,0.05453036613043907,1,5
official_code_lidargaitpp,clip_length,len1_c2c3_full,test_query_micro_overall,subject_macro,rank5,0.8666488220203906,0.0,0.046273874283079754,1,5
official_code_lidargaitpp,clip_length,len1_c2c3_full,val,query_micro,mAP,0.8910997920690799,0.0,0.04128378474924596,1,5
official_code_lidargaitpp,clip_length,len1_c2c3_full,val,query_micro,rank1,0.9602745098039215,0.0,0.02870245345426942,1,5
official_code_lidargaitpp,clip_length,len1_c2c3_full,val,query_micro,rank5,0.998,0.0,0.0040000000000000036,1,5
official_code_lidargaitpp,clip_length,len1_c2c3_full,val,subject_macro,mAP,0.8912782244465568,0.0,0.04122288435054224,1,5
official_code_lidargaitpp,clip_length,len1_c2c3_full,val,subject_macro,rank1,0.9603636363636363,0.0,0.02861312188143148,1,5
official_code_lidargaitpp,clip_length,len1_c2c3_full,val,subject_macro,rank5,0.998,0.0,0.0040000000000000036,1,5
official_code_lidargaitpp,clip_length,len1_c2c3_full,val_c2_to_c3,query_micro,mAP,0.9378758580982686,0.0,0.019640078850794534,1,5
official_code_lidargaitpp,clip_length,len1_c2c3_full,val_c2_to_c3,query_micro,rank1,1.0,0.0,0.0,1,5
official_code_lidargaitpp,clip_length,len1_c2c3_full,val_c2_to_c3,query_micro,rank5,1.0,0.0,0.0,1,5
official_code_lidargaitpp,clip_length,len1_c2c3_full,val_c2_to_c3,subject_macro,mAP,0.9378758580982686,0.0,0.019640078850794534,1,5
official_code_lidargaitpp,clip_length,len1_c2c3_full,val_c2_to_c3,subject_macro,rank1,1.0,0.0,0.0,1,5
official_code_lidargaitpp,clip_length,len1_c2c3_full,val_c2_to_c3,subject_macro,rank5,1.0,0.0,0.0,1,5
official_code_lidargaitpp,clip_length,len1_c2c3_full,val_c3_to_c2,query_micro,mAP,0.9113161917030812,0.0,0.035899653323621265,1,5
official_code_lidargaitpp,clip_length,len1_c2c3_full,val_c3_to_c2,query_micro,rank1,0.95,0.0,0.04472135954999579,1,5
official_code_lidargaitpp,clip_length,len1_c2c3_full,val_c3_to_c2,query_micro,rank5,1.0,0.0,0.0,1,5
official_code_lidargaitpp,clip_length,len1_c2c3_full,val_c3_to_c2,subject_macro,mAP,0.9113161917030812,0.0,0.035899653323621265,1,5
official_code_lidargaitpp,clip_length,len1_c2c3_full,val_c3_to_c2,subject_macro,rank1,0.95,0.0,0.04472135954999579,1,5
official_code_lidargaitpp,clip_length,len1_c2c3_full,val_c3_to_c2,subject_macro,rank5,1.0,0.0,0.0,1,5
official_code_lidargaitpp,clip_length,len30_c2c3_full,diagnostic_fixed5_only_to_special,query_micro,mAP,0.8090235302927065,0.0,0.045811302256820445,1,5
official_code_lidargaitpp,clip_length,len30_c2c3_full,diagnostic_fixed5_only_to_special,query_micro,rank1,0.7878220140515222,0.0,0.06982851007652673,1,5
official_code_lidargaitpp,clip_length,len30_c2c3_full,diagnostic_fixed5_only_to_special,query_micro,rank5,0.88384074941452,0.0,0.07953707745996198,1,5
official_code_lidargaitpp,clip_length,len30_c2c3_full,diagnostic_fixed5_only_to_special,subject_macro,mAP,0.7962337440600233,0.0,0.04284220728588982,1,5
official_code_lidargaitpp,clip_length,len30_c2c3_full,diagnostic_fixed5_only_to_special,subject_macro,rank1,0.7696970649895178,0.0,0.06532804450820112,1,5
official_code_lidargaitpp,clip_length,len30_c2c3_full,diagnostic_fixed5_only_to_special,subject_macro,rank5,0.869709829955742,0.0,0.0637276402120269,1,5
official_code_lidargaitpp,clip_length,len30_c2c3_full,test_all_personal,query_micro,mAP,0.9836126505739109,0.0,0.012149485850956687,1,5
official_code_lidargaitpp,clip_length,len30_c2c3_full,test_all_personal,query_micro,rank1,0.9990049751243781,0.0,0.001990049751243772,1,5
official_code_lidargaitpp,clip_length,len30_c2c3_full,test_all_personal,query_micro,rank5,1.0,0.0,0.0,1,5
official_code_lidargaitpp,clip_length,len30_c2c3_full,test_all_personal,subject_macro,mAP,0.9840108229890359,0.0,0.011766122400180292,1,5
official_code_lidargaitpp,clip_length,len30_c2c3_full,test_all_personal,subject_macro,rank1,0.999,0.0,0.002000000000000046,1,5
official_code_lidargaitpp,clip_length,len30_c2c3_full,test_all_personal,subject_macro,rank5,1.0,0.0,0.0,1,5
official_code_lidargaitpp,clip_length,len30_c2c3_full,test_fixed5_c4c5_normal,query_micro,mAP,0.8168976883813379,0.0,0.060081502772161254,1,5
official_code_lidargaitpp,clip_length,len30_c2c3_full,test_fixed5_c4c5_normal,query_micro,rank1,0.7816425120772947,0.0,0.10656089413690618,1,5
official_code_lidargaitpp,clip_length,len30_c2c3_full,test_fixed5_c4c5_normal,query_micro,rank5,0.9043478260869564,0.0,0.06151790291683711,1,5
official_code_lidargaitpp,clip_length,len30_c2c3_full,test_fixed5_c4c5_normal,subject_macro,mAP,0.8193325166465402,0.0,0.05711864471012764,1,5
official_code_lidargaitpp,clip_length,len30_c2c3_full,test_fixed5_c4c5_normal,subject_macro,rank1,0.7866023329798516,0.0,0.10316685758091683,1,5
official_code_lidargaitpp,clip_length,len30_c2c3_full,test_fixed5_c4c5_normal,subject_macro,rank5,0.9066330858960763,0.0,0.05577038562412301,1,5
official_code_lidargaitpp,clip_length,len30_c2c3_full,test_fixed5_c7,query_micro,mAP,0.7046110067303692,0.0,0.04971361578047746,1,5
official_code_lidargaitpp,clip_length,len30_c2c3_full,test_fixed5_c7,query_micro,rank1,0.6714285714285715,0.0,0.08989790127172727,1,5
official_code_lidargaitpp,clip_length,len30_c2c3_full,test_fixed5_c7,query_micro,rank5,0.8271428571428572,0.0,0.0552175659716791,1,5
official_code_lidargaitpp,clip_length,len30_c2c3_full,test_fixed5_c7,subject_macro,mAP,0.5968685049625735,0.0,0.064922995387458,1,5
official_code_lidargaitpp,clip_length,len30_c2c3_full,test_fixed5_c7,subject_macro,rank1,0.5079166666666667,0.0,0.11429433251235359,1,5
official_code_lidargaitpp,clip_length,len30_c2c3_full,test_fixed5_c7,subject_macro,rank5,0.7020833333333333,0.0,0.10039851149848346,1,5
official_code_lidargaitpp,clip_length,len30_c2c3_full,test_fixed5_to_personal,query_micro,mAP,0.9992953851671501,0.0,0.0005851944247020677,1,5
official_code_lidargaitpp,clip_length,len30_c2c3_full,test_fixed5_to_personal,query_micro,rank1,1.0,0.0,0.0,1,5
official_code_lidargaitpp,clip_length,len30_c2c3_full,test_fixed5_to_personal,query_micro,rank5,1.0,0.0,0.0,1,5
official_code_lidargaitpp,clip_length,len30_c2c3_full,test_fixed5_to_personal,subject_macro,mAP,0.9993157130877177,0.0,0.0005662863783503973,1,5
official_code_lidargaitpp,clip_length,len30_c2c3_full,test_fixed5_to_personal,subject_macro,rank1,1.0,0.0,0.0,1,5
official_code_lidargaitpp,clip_length,len30_c2c3_full,test_fixed5_to_personal,subject_macro,rank5,1.0,0.0,0.0,1,5
official_code_lidargaitpp,clip_length,len30_c2c3_full,test_fixed5_to_special,query_micro,mAP,0.7655162082483395,0.0,0.057361135232226856,1,5
official_code_lidargaitpp,clip_length,len30_c2c3_full,test_fixed5_to_special,query_micro,rank1,0.7274004683840749,0.0,0.10455146737033089,1,5
official_code_lidargaitpp,clip_length,len30_c2c3_full,test_fixed5_to_special,query_micro,rank5,0.8693208430913348,0.0,0.07729614542093713,1,5
official_code_lidargaitpp,clip_length,len30_c2c3_full,test_fixed5_to_special,subject_macro,mAP,0.7555448805664298,0.0,0.05577559231148726,1,5
official_code_lidargaitpp,clip_length,len30_c2c3_full,test_fixed5_to_special,subject_macro,rank1,0.7147014675052411,0.0,0.0993822165067378,1,5
official_code_lidargaitpp,clip_length,len30_c2c3_full,test_fixed5_to_special,subject_macro,rank5,0.8546897041695785,0.0,0.06277342794019243,1,5
official_code_lidargaitpp,clip_length,len30_c2c3_full,test_general_to_personal,query_micro,mAP,0.967662600512598,0.0,0.02431879332002161,1,5
official_code_lidargaitpp,clip_length,len30_c2c3_full,test_general_to_personal,query_micro,rank1,0.998,0.0,0.0040000000000000036,1,5
official_code_lidargaitpp,clip_length,len30_c2c3_full,test_general_to_personal,query_micro,rank5,1.0,0.0,0.0,1,5
official_code_lidargaitpp,clip_length,len30_c2c3_full,test_general_to_personal,subject_macro,mAP,0.9684844523126429,0.0,0.023545392704344168,1,5
official_code_lidargaitpp,clip_length,len30_c2c3_full,test_general_to_personal,subject_macro,rank1,0.998,0.0,0.0040000000000000036,1,5
official_code_lidargaitpp,clip_length,len30_c2c3_full,test_general_to_personal,subject_macro,rank5,1.0,0.0,0.0,1,5
official_code_lidargaitpp,clip_length,len30_c2c3_full,test_mixed_c2_to_c3,query_micro,mAP,0.9953511902689934,0.0,0.009297619462013263,1,5
official_code_lidargaitpp,clip_length,len30_c2c3_full,test_mixed_c2_to_c3,query_micro,rank1,0.9949999999999999,0.0,0.010000000000000009,1,5
official_code_lidargaitpp,clip_length,len30_c2c3_full,test_mixed_c2_to_c3,query_micro,rank5,1.0,0.0,0.0,1,5
official_code_lidargaitpp,clip_length,len30_c2c3_full,test_mixed_c2_to_c3,subject_macro,mAP,0.9953511902689934,0.0,0.009297619462013263,1,5
official_code_lidargaitpp,clip_length,len30_c2c3_full,test_mixed_c2_to_c3,subject_macro,rank1,0.9949999999999999,0.0,0.010000000000000009,1,5
official_code_lidargaitpp,clip_length,len30_c2c3_full,test_mixed_c2_to_c3,subject_macro,rank5,1.0,0.0,0.0,1,5
official_code_lidargaitpp,clip_length,len30_c2c3_full,test_mixed_c3_to_c2,query_micro,mAP,0.9991874998807907,0.0,0.0011110244329323744,1,5
official_code_lidargaitpp,clip_length,len30_c2c3_full,test_mixed_c3_to_c2,query_micro,rank1,1.0,0.0,0.0,1,5
official_code_lidargaitpp,clip_length,len30_c2c3_full,test_mixed_c3_to_c2,query_micro,rank5,1.0,0.0,0.0,1,5
official_code_lidargaitpp,clip_length,len30_c2c3_full,test_mixed_c3_to_c2,subject_macro,mAP,0.9991874998807907,0.0,0.0011110244329323744,1,5
official_code_lidargaitpp,clip_length,len30_c2c3_full,test_mixed_c3_to_c2,subject_macro,rank1,1.0,0.0,0.0,1,5
official_code_lidargaitpp,clip_length,len30_c2c3_full,test_mixed_c3_to_c2,subject_macro,rank5,1.0,0.0,0.0,1,5
official_code_lidargaitpp,clip_length,len30_c2c3_full,test_query_micro_overall,query_micro,mAP,0.8344371154774464,0.0,0.042220931214458385,1,5
official_code_lidargaitpp,clip_length,len30_c2c3_full,test_query_micro_overall,query_micro,rank1,0.8132830882939833,0.0,0.07094609143693405,1,5
official_code_lidargaitpp,clip_length,len30_c2c3_full,test_query_micro_overall,query_micro,rank5,0.910802636900106,0.0,0.05233898210668919,1,5
official_code_lidargaitpp,clip_length,len30_c2c3_full,test_query_micro_overall,subject_macro,mAP,0.8847879448248339,0.0,0.032036043509129516,1,5
official_code_lidargaitpp,clip_length,len30_c2c3_full,test_query_micro_overall,subject_macro,rank1,0.8828904450669157,0.0,0.04100722039611465,1,5
official_code_lidargaitpp,clip_length,len30_c2c3_full,test_query_micro_overall,subject_macro,rank5,0.9419854445481896,0.0,0.025793084973618968,1,5
official_code_lidargaitpp,clip_length,len30_c2c3_full,val,query_micro,mAP,0.9963494898080827,0.0,0.007301020383834844,1,5
official_code_lidargaitpp,clip_length,len30_c2c3_full,val,query_micro,rank1,1.0,0.0,0.0,1,5
official_code_lidargaitpp,clip_length,len30_c2c3_full,val,query_micro,rank5,1.0,0.0,0.0,1,5
official_code_lidargaitpp,clip_length,len30_c2c3_full,val,subject_macro,mAP,0.9963494898080827,0.0,0.007301020383834844,1,5
official_code_lidargaitpp,clip_length,len30_c2c3_full,val,subject_macro,rank1,1.0,0.0,0.0,1,5
official_code_lidargaitpp,clip_length,len30_c2c3_full,val,subject_macro,rank5,1.0,0.0,0.0,1,5
official_code_lidargaitpp,clip_length,len30_c2c3_full,val_c2_to_c3,query_micro,mAP,1.0,0.0,0.0,1,5
official_code_lidargaitpp,clip_length,len30_c2c3_full,val_c2_to_c3,query_micro,rank1,1.0,0.0,0.0,1,5
official_code_lidargaitpp,clip_length,len30_c2c3_full,val_c2_to_c3,query_micro,rank5,1.0,0.0,0.0,1,5
official_code_lidargaitpp,clip_length,len30_c2c3_full,val_c2_to_c3,subject_macro,mAP,1.0,0.0,0.0,1,5
official_code_lidargaitpp,clip_length,len30_c2c3_full,val_c2_to_c3,subject_macro,rank1,1.0,0.0,0.0,1,5
official_code_lidargaitpp,clip_length,len30_c2c3_full,val_c2_to_c3,subject_macro,rank5,1.0,0.0,0.0,1,5
official_code_lidargaitpp,clip_length,len30_c2c3_full,val_c3_to_c2,query_micro,mAP,0.9973214286565781,0.0,0.0053571426868438635,1,5
official_code_lidargaitpp,clip_length,len30_c2c3_full,val_c3_to_c2,query_micro,rank1,1.0,0.0,0.0,1,5
official_code_lidargaitpp,clip_length,len30_c2c3_full,val_c3_to_c2,query_micro,rank5,1.0,0.0,0.0,1,5
official_code_lidargaitpp,clip_length,len30_c2c3_full,val_c3_to_c2,subject_macro,mAP,0.9973214286565781,0.0,0.0053571426868438635,1,5
official_code_lidargaitpp,clip_length,len30_c2c3_full,val_c3_to_c2,subject_macro,rank1,1.0,0.0,0.0,1,5
official_code_lidargaitpp,clip_length,len30_c2c3_full,val_c3_to_c2,subject_macro,rank5,1.0,0.0,0.0,1,5
official_code_lidargaitpp,clip_length,len4_c2c3_full,diagnostic_fixed5_only_to_special,query_micro,mAP,0.6578163170702843,0.0,0.06097153846131153,1,5
official_code_lidargaitpp,clip_length,len4_c2c3_full,diagnostic_fixed5_only_to_special,query_micro,rank1,0.6234192037470725,0.0,0.10057068864751528,1,5
official_code_lidargaitpp,clip_length,len4_c2c3_full,diagnostic_fixed5_only_to_special,query_micro,rank5,0.8088992974238876,0.0,0.08286030683839246,1,5
official_code_lidargaitpp,clip_length,len4_c2c3_full,diagnostic_fixed5_only_to_special,subject_macro,mAP,0.6452318200012449,0.0,0.06181952466987804,1,5
official_code_lidargaitpp,clip_length,len4_c2c3_full,diagnostic_fixed5_only_to_special,subject_macro,rank1,0.6046752853482413,0.0,0.10271043612234373,1,5
official_code_lidargaitpp,clip_length,len4_c2c3_full,diagnostic_fixed5_only_to_special,subject_macro,rank5,0.7929153039832285,0.0,0.0809227058295945,1,5
official_code_lidargaitpp,clip_length,len4_c2c3_full,test_all_personal,query_micro,mAP,0.944151839474298,0.0,0.023332741157061746,1,5
official_code_lidargaitpp,clip_length,len4_c2c3_full,test_all_personal,query_micro,rank1,0.95428556263399,0.0,0.03421024091801108,1,5
official_code_lidargaitpp,clip_length,len4_c2c3_full,test_all_personal,query_micro,rank5,0.9980197534495012,0.0,0.0024253463377433976,1,5
official_code_lidargaitpp,clip_length,len4_c2c3_full,test_all_personal,subject_macro,mAP,0.944492746160617,0.0,0.022732005998482654,1,5
official_code_lidargaitpp,clip_length,len4_c2c3_full,test_all_personal,subject_macro,rank1,0.9548412698412697,0.0,0.033563866460394956,1,5
official_code_lidargaitpp,clip_length,len4_c2c3_full,test_all_personal,subject_macro,rank5,0.9980476190476191,0.0,0.00239235365468202,1,5
official_code_lidargaitpp,clip_length,len4_c2c3_full,test_fixed5_c4c5_normal,query_micro,mAP,0.6136861210248032,0.0,0.10759455341453257,1,5
official_code_lidargaitpp,clip_length,len4_c2c3_full,test_fixed5_c4c5_normal,query_micro,rank1,0.5845410628019324,0.0,0.14330818332552006,1,5
official_code_lidargaitpp,clip_length,len4_c2c3_full,test_fixed5_c4c5_normal,query_micro,rank5,0.8067632850241546,0.0,0.1314151739974439,1,5
official_code_lidargaitpp,clip_length,len4_c2c3_full,test_fixed5_c4c5_normal,subject_macro,mAP,0.6177492778993046,0.0,0.1048051262649042,1,5
official_code_lidargaitpp,clip_length,len4_c2c3_full,test_fixed5_c4c5_normal,subject_macro,rank1,0.5907454931071049,0.0,0.13932073333656403,1,5
official_code_lidargaitpp,clip_length,len4_c2c3_full,test_fixed5_c4c5_normal,subject_macro,rank5,0.8122852598091198,0.0,0.126642758899421,1,5
official_code_lidargaitpp,clip_length,len4_c2c3_full,test_fixed5_c7,query_micro,mAP,0.5914493829756975,0.0,0.03245556101137328,1,5
official_code_lidargaitpp,clip_length,len4_c2c3_full,test_fixed5_c7,query_micro,rank1,0.6171428571428571,0.0,0.06398341621873914,1,5
official_code_lidargaitpp,clip_length,len4_c2c3_full,test_fixed5_c7,query_micro,rank5,0.8128571428571428,0.0,0.04318918987951705,1,5
official_code_lidargaitpp,clip_length,len4_c2c3_full,test_fixed5_c7,subject_macro,mAP,0.5183638081637522,0.0,0.052019118405414976,1,5
official_code_lidargaitpp,clip_length,len4_c2c3_full,test_fixed5_c7,subject_macro,rank1,0.5141666666666667,0.0,0.11399774607908313,1,5
official_code_lidargaitpp,clip_length,len4_c2c3_full,test_fixed5_c7,subject_macro,rank5,0.6908333333333333,0.0,0.06508007887723144,1,5
official_code_lidargaitpp,clip_length,len4_c2c3_full,test_fixed5_to_personal,query_micro,mAP,0.9527275374030122,0.0,0.04645754822595014,1,5
official_code_lidargaitpp,clip_length,len4_c2c3_full,test_fixed5_to_personal,query_micro,rank1,0.9564356435643564,0.0,0.06819475389197056,1,5
official_code_lidargaitpp,clip_length,len4_c2c3_full,test_fixed5_to_personal,query_micro,rank5,0.998019801980198,0.0,0.003960396039603964,1,5
official_code_lidargaitpp,clip_length,len4_c2c3_full,test_fixed5_to_personal,subject_macro,mAP,0.9537240926992325,0.0,0.04508297378894538,1,5
official_code_lidargaitpp,clip_length,len4_c2c3_full,test_fixed5_to_personal,subject_macro,rank1,0.9579047619047619,0.0,0.0655308689441892,1,5
official_code_lidargaitpp,clip_length,len4_c2c3_full,test_fixed5_to_personal,subject_macro,rank5,0.9980952380952381,0.0,0.003809523809523796,1,5
official_code_lidargaitpp,clip_length,len4_c2c3_full,test_fixed5_to_special,query_micro,mAP,0.607994986238259,0.0,0.07272952280502365,1,5
official_code_lidargaitpp,clip_length,len4_c2c3_full,test_fixed5_to_special,query_micro,rank1,0.5882903981264637,0.0,0.11309705497170261,1,5
official_code_lidargaitpp,clip_length,len4_c2c3_full,test_fixed5_to_special,query_micro,rank5,0.7967213114754099,0.0,0.08556698929329841,1,5
official_code_lidargaitpp,clip_length,len4_c2c3_full,test_fixed5_to_special,subject_macro,mAP,0.5950262002388709,0.0,0.07280225644625653,1,5
official_code_lidargaitpp,clip_length,len4_c2c3_full,test_fixed5_to_special,subject_macro,rank1,0.5708739110179362,0.0,0.11375952455837893,1,5
official_code_lidargaitpp,clip_length,len4_c2c3_full,test_fixed5_to_special,subject_macro,rank5,0.7796071278825997,0.0,0.0826660859738955,1,5
official_code_lidargaitpp,clip_length,len4_c2c3_full,test_general_to_personal,query_micro,mAP,0.9360308619346105,0.0,0.031034121063745316,1,5
official_code_lidargaitpp,clip_length,len4_c2c3_full,test_general_to_personal,query_micro,rank1,0.9521274509803922,0.0,0.05692673546150113,1,5
official_code_lidargaitpp,clip_length,len4_c2c3_full,test_general_to_personal,query_micro,rank5,0.9980392156862745,0.0,0.0039215686274509665,1,5
official_code_lidargaitpp,clip_length,len4_c2c3_full,test_general_to_personal,subject_macro,mAP,0.9356373599469661,0.0,0.03147719788423162,1,5
official_code_lidargaitpp,clip_length,len4_c2c3_full,test_general_to_personal,subject_macro,rank1,0.9515,0.0,0.05812916651733446,1,5
official_code_lidargaitpp,clip_length,len4_c2c3_full,test_general_to_personal,subject_macro,rank5,0.998,0.0,0.0040000000000000036,1,5
official_code_lidargaitpp,clip_length,len4_c2c3_full,test_mixed_c2_to_c3,query_micro,mAP,0.984507936404811,0.0,0.009602487028359018,1,5
official_code_lidargaitpp,clip_length,len4_c2c3_full,test_mixed_c2_to_c3,query_micro,rank1,0.99,0.0,0.012247448713915901,1,5
official_code_lidargaitpp,clip_length,len4_c2c3_full,test_mixed_c2_to_c3,query_micro,rank5,1.0,0.0,0.0,1,5
official_code_lidargaitpp,clip_length,len4_c2c3_full,test_mixed_c2_to_c3,subject_macro,mAP,0.984507936404811,0.0,0.009602487028359018,1,5
official_code_lidargaitpp,clip_length,len4_c2c3_full,test_mixed_c2_to_c3,subject_macro,rank1,0.99,0.0,0.012247448713915901,1,5
official_code_lidargaitpp,clip_length,len4_c2c3_full,test_mixed_c2_to_c3,subject_macro,rank5,1.0,0.0,0.0,1,5
official_code_lidargaitpp,clip_length,len4_c2c3_full,test_mixed_c3_to_c2,query_micro,mAP,0.9775188496543301,0.0,0.016419886996181653,1,5
official_code_lidargaitpp,clip_length,len4_c2c3_full,test_mixed_c3_to_c2,query_micro,rank1,0.975,0.0,0.022360679774997918,1,5
official_code_lidargaitpp,clip_length,len4_c2c3_full,test_mixed_c3_to_c2,query_micro,rank5,1.0,0.0,0.0,1,5
official_code_lidargaitpp,clip_length,len4_c2c3_full,test_mixed_c3_to_c2,subject_macro,mAP,0.9775188496543301,0.0,0.016419886996181653,1,5
official_code_lidargaitpp,clip_length,len4_c2c3_full,test_mixed_c3_to_c2,subject_macro,rank1,0.975,0.0,0.022360679774997918,1,5
official_code_lidargaitpp,clip_length,len4_c2c3_full,test_mixed_c3_to_c2,subject_macro,rank5,1.0,0.0,0.0,1,5
official_code_lidargaitpp,clip_length,len4_c2c3_full,test_query_micro_overall,query_micro,mAP,0.7140306026882627,0.0,0.04896981926255915,1,5
official_code_lidargaitpp,clip_length,len4_c2c3_full,test_query_micro_overall,query_micro,rank1,0.7035701847506239,0.0,0.08355724971771894,1,5
official_code_lidargaitpp,clip_length,len4_c2c3_full,test_query_micro_overall,query_micro,rank5,0.8604002442411762,0.0,0.058408160954407165,1,5
official_code_lidargaitpp,clip_length,len4_c2c3_full,test_query_micro_overall,subject_macro,mAP,0.7973406094327601,0.0,0.030519523388959618,1,5
official_code_lidargaitpp,clip_length,len4_c2c3_full,test_query_micro_overall,subject_macro,rank1,0.796023145554518,0.0,0.06639278155797976,1,5
official_code_lidargaitpp,clip_length,len4_c2c3_full,test_query_micro_overall,subject_macro,rank5,0.9095799564270152,0.0,0.0356251339771917,1,5
official_code_lidargaitpp,clip_length,len4_c2c3_full,val,query_micro,mAP,0.9782765661442981,0.0,0.0260148832825164,1,5
official_code_lidargaitpp,clip_length,len4_c2c3_full,val,query_micro,rank1,0.9960000000000001,0.0,0.008000000000000007,1,5
official_code_lidargaitpp,clip_length,len4_c2c3_full,val,query_micro,rank5,1.0,0.0,0.0,1,5
official_code_lidargaitpp,clip_length,len4_c2c3_full,val,subject_macro,mAP,0.9782707021832465,0.0,0.026010319337267815,1,5
official_code_lidargaitpp,clip_length,len4_c2c3_full,val,subject_macro,rank1,0.9960000000000001,0.0,0.007999999999999962,1,5
official_code_lidargaitpp,clip_length,len4_c2c3_full,val,subject_macro,rank5,1.0,0.0,0.0,1,5
official_code_lidargaitpp,clip_length,len4_c2c3_full,val_c2_to_c3,query_micro,mAP,0.9907321429252625,0.0,0.013946462143074764,1,5
official_code_lidargaitpp,clip_length,len4_c2c3_full,val_c2_to_c3,query_micro,rank1,0.99,0.0,0.020000000000000018,1,5
official_code_lidargaitpp,clip_length,len4_c2c3_full,val_c2_to_c3,query_micro,rank5,1.0,0.0,0.0,1,5
official_code_lidargaitpp,clip_length,len4_c2c3_full,val_c2_to_c3,subject_macro,mAP,0.9907321429252625,0.0,0.013946462143074764,1,5
official_code_lidargaitpp,clip_length,len4_c2c3_full,val_c2_to_c3,subject_macro,rank1,0.99,0.0,0.020000000000000018,1,5
official_code_lidargaitpp,clip_length,len4_c2c3_full,val_c2_to_c3,subject_macro,rank5,1.0,0.0,0.0,1,5
official_code_lidargaitpp,clip_length,len4_c2c3_full,val_c3_to_c2,query_micro,mAP,0.9881250002980233,0.0,0.015885877404019505,1,5
official_code_lidargaitpp,clip_length,len4_c2c3_full,val_c3_to_c2,query_micro,rank1,0.99,0.0,0.020000000000000018,1,5
official_code_lidargaitpp,clip_length,len4_c2c3_full,val_c3_to_c2,query_micro,rank5,1.0,0.0,0.0,1,5
official_code_lidargaitpp,clip_length,len4_c2c3_full,val_c3_to_c2,subject_macro,mAP,0.9881250002980233,0.0,0.015885877404019505,1,5
official_code_lidargaitpp,clip_length,len4_c2c3_full,val_c3_to_c2,subject_macro,rank1,0.99,0.0,0.020000000000000018,1,5
official_code_lidargaitpp,clip_length,len4_c2c3_full,val_c3_to_c2,subject_macro,rank5,1.0,0.0,0.0,1,5
official_code_lidargaitpp,clip_length,len8_c2c3_full,diagnostic_fixed5_only_to_special,query_micro,mAP,0.6978897588593619,0.0,0.024470051319013125,1,5
official_code_lidargaitpp,clip_length,len8_c2c3_full,diagnostic_fixed5_only_to_special,query_micro,rank1,0.6707259953161593,0.0,0.060430622196463585,1,5
official_code_lidargaitpp,clip_length,len8_c2c3_full,diagnostic_fixed5_only_to_special,query_micro,rank5,0.8168618266978923,0.0,0.04419719386261528,1,5
official_code_lidargaitpp,clip_length,len8_c2c3_full,diagnostic_fixed5_only_to_special,subject_macro,mAP,0.6992152505724252,0.0,0.016858002370547673,1,5
official_code_lidargaitpp,clip_length,len8_c2c3_full,diagnostic_fixed5_only_to_special,subject_macro,rank1,0.6718405776846028,0.0,0.049346095846787286,1,5
official_code_lidargaitpp,clip_length,len8_c2c3_full,diagnostic_fixed5_only_to_special,subject_macro,rank5,0.8111591194968554,0.0,0.03482982263004637,1,5
official_code_lidargaitpp,clip_length,len8_c2c3_full,test_all_personal,query_micro,mAP,0.9792754540952867,0.0,0.011647732812964972,1,5
official_code_lidargaitpp,clip_length,len8_c2c3_full,test_all_personal,query_micro,rank1,0.9940396539470138,0.0,0.00964815508582761,1,5
official_code_lidargaitpp,clip_length,len8_c2c3_full,test_all_personal,query_micro,rank5,0.9980099502487562,0.0,0.003980099502487544,1,5
official_code_lidargaitpp,clip_length,len8_c2c3_full,test_all_personal,subject_macro,mAP,0.9792024079528836,0.0,0.011722704104378343,1,5
official_code_lidargaitpp,clip_length,len8_c2c3_full,test_all_personal,subject_macro,rank1,0.9940909090909091,0.0,0.00970643477457393,1,5
official_code_lidargaitpp,clip_length,len8_c2c3_full,test_all_personal,subject_macro,rank5,0.998,0.0,0.0040000000000000036,1,5
official_code_lidargaitpp,clip_length,len8_c2c3_full,test_fixed5_c4c5_normal,query_micro,mAP,0.6658335273464522,0.0,0.04323394980493773,1,5
official_code_lidargaitpp,clip_length,len8_c2c3_full,test_fixed5_c4c5_normal,query_micro,rank1,0.6270531400966184,0.0,0.06520128625624343,1,5
official_code_lidargaitpp,clip_length,len8_c2c3_full,test_fixed5_c4c5_normal,query_micro,rank5,0.7942028985507246,0.0,0.09112909080233117,1,5
official_code_lidargaitpp,clip_length,len8_c2c3_full,test_fixed5_c4c5_normal,subject_macro,mAP,0.6719480168278371,0.0,0.03969334106811088,1,5
official_code_lidargaitpp,clip_length,len8_c2c3_full,test_fixed5_c4c5_normal,subject_macro,rank1,0.6357826086956522,0.0,0.061971485607135376,1,5
official_code_lidargaitpp,clip_length,len8_c2c3_full,test_fixed5_c4c5_normal,subject_macro,rank5,0.8035652173913043,0.0,0.0869578912935627,1,5
official_code_lidargaitpp,clip_length,len8_c2c3_full,test_fixed5_c7,query_micro,mAP,0.6328871359569685,0.0,0.03998299591199402,1,5
official_code_lidargaitpp,clip_length,len8_c2c3_full,test_fixed5_c7,query_micro,rank1,0.6528571428571428,0.0,0.08025469660107508,1,5
official_code_lidargaitpp,clip_length,len8_c2c3_full,test_fixed5_c7,query_micro,rank5,0.7857142857142857,0.0,0.038597874531732294,1,5
official_code_lidargaitpp,clip_length,len8_c2c3_full,test_fixed5_c7,subject_macro,mAP,0.5260815655936797,0.0,0.03230973889332954,1,5
official_code_lidargaitpp,clip_length,len8_c2c3_full,test_fixed5_c7,subject_macro,rank1,0.4958333333333334,0.0,0.07369230323144715,1,5
official_code_lidargaitpp,clip_length,len8_c2c3_full,test_fixed5_c7,subject_macro,rank5,0.63,0.0,0.06176793486735475,1,5
official_code_lidargaitpp,clip_length,len8_c2c3_full,test_fixed5_to_personal,query_micro,mAP,0.9849217459706978,0.0,0.0034826479296452793,1,5
official_code_lidargaitpp,clip_length,len8_c2c3_full,test_fixed5_to_personal,query_micro,rank1,1.0,0.0,0.0,1,5
official_code_lidargaitpp,clip_length,len8_c2c3_full,test_fixed5_to_personal,query_micro,rank5,1.0,0.0,0.0,1,5
official_code_lidargaitpp,clip_length,len8_c2c3_full,test_fixed5_to_personal,subject_macro,mAP,0.9848754827465329,0.0,0.003487540962985242,1,5
official_code_lidargaitpp,clip_length,len8_c2c3_full,test_fixed5_to_personal,subject_macro,rank1,1.0,0.0,0.0,1,5
official_code_lidargaitpp,clip_length,len8_c2c3_full,test_fixed5_to_personal,subject_macro,rank5,1.0,0.0,0.0,1,5
official_code_lidargaitpp,clip_length,len8_c2c3_full,test_fixed5_to_special,query_micro,mAP,0.6561163828858726,0.0,0.041260466467724896,1,5
official_code_lidargaitpp,clip_length,len8_c2c3_full,test_fixed5_to_special,query_micro,rank1,0.6379391100702576,0.0,0.07896961059668399,1,5
official_code_lidargaitpp,clip_length,len8_c2c3_full,test_fixed5_to_special,query_micro,rank5,0.8,0.0,0.06138512384227027,1,5
official_code_lidargaitpp,clip_length,len8_c2c3_full,test_fixed5_to_special,subject_macro,mAP,0.6579451578145898,0.0,0.03261995660984909,1,5
official_code_lidargaitpp,clip_length,len8_c2c3_full,test_fixed5_to_special,subject_macro,rank1,0.6406424644770556,0.0,0.06679231880104942,1,5
official_code_lidargaitpp,clip_length,len8_c2c3_full,test_fixed5_to_special,subject_macro,rank5,0.7946308176100628,0.0,0.05052482141690047,1,5
official_code_lidargaitpp,clip_length,len8_c2c3_full,test_general_to_personal,query_micro,mAP,0.9739061634622368,0.0,0.023761317263768865,1,5
official_code_lidargaitpp,clip_length,len8_c2c3_full,test_general_to_personal,query_micro,rank1,0.9880392156862745,0.0,0.019394922382554115,1,5
official_code_lidargaitpp,clip_length,len8_c2c3_full,test_general_to_personal,query_micro,rank5,0.9960000000000001,0.0,0.008000000000000007,1,5
official_code_lidargaitpp,clip_length,len8_c2c3_full,test_general_to_personal,subject_macro,mAP,0.973794317825274,0.0,0.023842522301002582,1,5
official_code_lidargaitpp,clip_length,len8_c2c3_full,test_general_to_personal,subject_macro,rank1,0.9881818181818183,0.0,0.01941286954914786,1,5
official_code_lidargaitpp,clip_length,len8_c2c3_full,test_general_to_personal,subject_macro,rank5,0.9960000000000001,0.0,0.007999999999999962,1,5
official_code_lidargaitpp,clip_length,len8_c2c3_full,test_mixed_c2_to_c3,query_micro,mAP,0.9959305551317004,0.0,0.0029015316805704482,1,5
official_code_lidargaitpp,clip_length,len8_c2c3_full,test_mixed_c2_to_c3,query_micro,rank1,1.0,0.0,0.0,1,5
official_code_lidargaitpp,clip_length,len8_c2c3_full,test_mixed_c2_to_c3,query_micro,rank5,1.0,0.0,0.0,1,5
official_code_lidargaitpp,clip_length,len8_c2c3_full,test_mixed_c2_to_c3,subject_macro,mAP,0.9959305551317004,0.0,0.0029015316805704482,1,5
official_code_lidargaitpp,clip_length,len8_c2c3_full,test_mixed_c2_to_c3,subject_macro,rank1,1.0,0.0,0.0,1,5
official_code_lidargaitpp,clip_length,len8_c2c3_full,test_mixed_c2_to_c3,subject_macro,rank5,1.0,0.0,0.0,1,5
official_code_lidargaitpp,clip_length,len8_c2c3_full,test_mixed_c3_to_c2,query_micro,mAP,0.9889017854630946,0.0,0.012120944211155352,1,5
official_code_lidargaitpp,clip_length,len8_c2c3_full,test_mixed_c3_to_c2,query_micro,rank1,0.9949999999999999,0.0,0.010000000000000009,1,5
official_code_lidargaitpp,clip_length,len8_c2c3_full,test_mixed_c3_to_c2,query_micro,rank5,1.0,0.0,0.0,1,5
official_code_lidargaitpp,clip_length,len8_c2c3_full,test_mixed_c3_to_c2,subject_macro,mAP,0.9889017854630946,0.0,0.012120944211155352,1,5
official_code_lidargaitpp,clip_length,len8_c2c3_full,test_mixed_c3_to_c2,subject_macro,rank1,0.9949999999999999,0.0,0.010000000000000009,1,5
official_code_lidargaitpp,clip_length,len8_c2c3_full,test_mixed_c3_to_c2,subject_macro,rank5,1.0,0.0,0.0,1,5
official_code_lidargaitpp,clip_length,len8_c2c3_full,test_query_micro_overall,query_micro,mAP,0.7582807149177453,0.0,0.030702828862981504,1,5
official_code_lidargaitpp,clip_length,len8_c2c3_full,test_query_micro_overall,query_micro,rank1,0.7506430753103566,0.0,0.05581146258093618,1,5
official_code_lidargaitpp,clip_length,len8_c2c3_full,test_query_micro_overall,query_micro,rank5,0.8627478994726733,0.0,0.04165350602037953,1,5
official_code_lidargaitpp,clip_length,len8_c2c3_full,test_query_micro_overall,subject_macro,mAP,0.8447014617246985,0.0,0.023938766975788353,1,5
official_code_lidargaitpp,clip_length,len8_c2c3_full,test_query_micro_overall,subject_macro,rank1,0.8466569377245848,0.0,0.036082325360156445,1,5
official_code_lidargaitpp,clip_length,len8_c2c3_full,test_query_micro_overall,subject_macro,rank5,0.9145101410934744,0.0,0.02183699886877226,1,5
official_code_lidargaitpp,clip_length,len8_c2c3_full,val,query_micro,mAP,0.9917628123760224,0.0,0.013973420507899278,1,5
official_code_lidargaitpp,clip_length,len8_c2c3_full,val,query_micro,rank1,0.998,0.0,0.0040000000000000036,1,5
official_code_lidargaitpp,clip_length,len8_c2c3_full,val,query_micro,rank5,1.0,0.0,0.0,1,5
official_code_lidargaitpp,clip_length,len8_c2c3_full,val,subject_macro,mAP,0.9917628123760224,0.0,0.013973420507899273,1,5
official_code_lidargaitpp,clip_length,len8_c2c3_full,val,subject_macro,rank1,0.998,0.0,0.0040000000000000036,1,5
official_code_lidargaitpp,clip_length,len8_c2c3_full,val,subject_macro,rank5,1.0,0.0,0.0,1,5
official_code_lidargaitpp,clip_length,len8_c2c3_full,val_c2_to_c3,query_micro,mAP,1.0,0.0,0.0,1,5
official_code_lidargaitpp,clip_length,len8_c2c3_full,val_c2_to_c3,query_micro,rank1,1.0,0.0,0.0,1,5
official_code_lidargaitpp,clip_length,len8_c2c3_full,val_c2_to_c3,query_micro,rank5,1.0,0.0,0.0,1,5
official_code_lidargaitpp,clip_length,len8_c2c3_full,val_c2_to_c3,subject_macro,mAP,1.0,0.0,0.0,1,5
official_code_lidargaitpp,clip_length,len8_c2c3_full,val_c2_to_c3,subject_macro,rank1,1.0,0.0,0.0,1,5
official_code_lidargaitpp,clip_length,len8_c2c3_full,val_c2_to_c3,subject_macro,rank5,1.0,0.0,0.0,1,5
official_code_lidargaitpp,clip_length,len8_c2c3_full,val_c3_to_c2,query_micro,mAP,1.0,0.0,0.0,1,5
official_code_lidargaitpp,clip_length,len8_c2c3_full,val_c3_to_c2,query_micro,rank1,1.0,0.0,0.0,1,5
official_code_lidargaitpp,clip_length,len8_c2c3_full,val_c3_to_c2,query_micro,rank5,1.0,0.0,0.0,1,5
official_code_lidargaitpp,clip_length,len8_c2c3_full,val_c3_to_c2,subject_macro,mAP,1.0,0.0,0.0,1,5
official_code_lidargaitpp,clip_length,len8_c2c3_full,val_c3_to_c2,subject_macro,rank1,1.0,0.0,0.0,1,5
official_code_lidargaitpp,clip_length,len8_c2c3_full,val_c3_to_c2,subject_macro,rank5,1.0,0.0,0.0,1,5
official_code_lidargaitpp,train_clothing,len15_c2,diagnostic_fixed5_only_to_special,query_micro,mAP,0.6921458212857968,0.007348539436277209,0.050588677998944794,3,15
official_code_lidargaitpp,train_clothing,len15_c2,diagnostic_fixed5_only_to_special,query_micro,rank1,0.659640905542545,0.0247412431407217,0.09692143094396742,3,15
official_code_lidargaitpp,train_clothing,len15_c2,diagnostic_fixed5_only_to_special,query_micro,rank5,0.8020296643247463,0.013630611450877243,0.10180169806107889,3,15
official_code_lidargaitpp,train_clothing,len15_c2,diagnostic_fixed5_only_to_special,subject_macro,mAP,0.7011091751131985,0.007270594987162104,0.04292131494938386,3,15
official_code_lidargaitpp,train_clothing,len15_c2,diagnostic_fixed5_only_to_special,subject_macro,rank1,0.6759972823977017,0.023354018053767953,0.09039970606338298,3,15
official_code_lidargaitpp,train_clothing,len15_c2,diagnostic_fixed5_only_to_special,subject_macro,rank5,0.8149701840204985,0.011689838151099396,0.0971120238689589,3,15
official_code_lidargaitpp,train_clothing,len15_c2,test_all_personal,query_micro,mAP,0.9669176700680504,0.006740213021956503,0.030109260339897335,3,15
official_code_lidargaitpp,train_clothing,len15_c2,test_all_personal,query_micro,rank1,0.9930145153718657,0.005657665236325462,0.014837029709051056,3,15
official_code_lidargaitpp,train_clothing,len15_c2,test_all_personal,query_micro,rank5,0.9996683250414593,0.00046905922466768064,0.0012410140586314841,3,15
official_code_lidargaitpp,train_clothing,len15_c2,test_all_personal,subject_macro,mAP,0.9669752481505024,0.006852608621256377,0.030068528458851478,3,15
official_code_lidargaitpp,train_clothing,len15_c2,test_all_personal,subject_macro,rank1,0.992994708994709,0.005712703092616896,0.014911864659490659,3,15
official_code_lidargaitpp,train_clothing,len15_c2,test_all_personal,subject_macro,rank5,0.9996666666666667,0.0004714045207910321,0.001247219128924676,3,15
official_code_lidargaitpp,train_clothing,len15_c2,test_fixed5_c4c5_normal,query_micro,mAP,0.6585425087867152,0.012444933561828814,0.05931948277474336,3,15
official_code_lidargaitpp,train_clothing,len15_c2,test_fixed5_c4c5_normal,query_micro,rank1,0.630595813204509,0.02237340345630716,0.10220357060032415,3,15
official_code_lidargaitpp,train_clothing,len15_c2,test_fixed5_c4c5_normal,query_micro,rank5,0.7964573268921095,0.021084556912506137,0.09113022899829573,3,15
official_code_lidargaitpp,train_clothing,len15_c2,test_fixed5_c4c5_normal,subject_macro,mAP,0.665996652805524,0.013290644586877563,0.05955874825484403,3,15
official_code_lidargaitpp,train_clothing,len15_c2,test_fixed5_c4c5_normal,subject_macro,rank1,0.6407062566277837,0.02386238641904117,0.10259833472961709,3,15
official_code_lidargaitpp,train_clothing,len15_c2,test_fixed5_c4c5_normal,subject_macro,rank5,0.8070233297985153,0.019944847386375,0.08815690107085492,3,15
official_code_lidargaitpp,train_clothing,len15_c2,test_fixed5_c7,query_micro,mAP,0.6275432219462735,0.02603025194741313,0.06087110800616242,3,15
official_code_lidargaitpp,train_clothing,len15_c2,test_fixed5_c7,query_micro,rank1,0.6452380952380953,0.03042406256183482,0.10270712163461267,3,15
official_code_lidargaitpp,train_clothing,len15_c2,test_fixed5_c7,query_micro,rank5,0.7828571428571429,0.025977488946639718,0.08118174789000412,3,15
official_code_lidargaitpp,train_clothing,len15_c2,test_fixed5_c7,subject_macro,mAP,0.512184371261133,0.012539512826300822,0.05720174211747095,3,15
official_code_lidargaitpp,train_clothing,len15_c2,test_fixed5_c7,subject_macro,rank1,0.49513888888888885,0.02438202257179163,0.11074679857703214,3,15
official_code_lidargaitpp,train_clothing,len15_c2,test_fixed5_c7,subject_macro,rank5,0.63625,0.036944966579434836,0.13944707279506124,3,15
official_code_lidargaitpp,train_clothing,len15_c2,test_fixed5_to_personal,query_micro,mAP,0.9784721527752703,0.012742827688948678,0.030265581112273364,3,15
official_code_lidargaitpp,train_clothing,len15_c2,test_fixed5_to_personal,query_micro,rank1,0.998019801980198,0.0028004228957883093,0.005362401587218461,3,15
official_code_lidargaitpp,train_clothing,len15_c2,test_fixed5_to_personal,query_micro,rank5,1.0,0.0,0.0,3,15
official_code_lidargaitpp,train_clothing,len15_c2,test_fixed5_to_personal,subject_macro,mAP,0.9785505180775173,0.01265134225046546,0.03001755758826255,3,15
official_code_lidargaitpp,train_clothing,len15_c2,test_fixed5_to_personal,subject_macro,rank1,0.998063492063492,0.0027386357874526128,0.005206155629386201,3,15
official_code_lidargaitpp,train_clothing,len15_c2,test_fixed5_to_personal,subject_macro,rank5,1.0,0.0,0.0,3,15
official_code_lidargaitpp,train_clothing,len15_c2,test_fixed5_to_special,query_micro,mAP,0.631451334330856,0.009301608601086931,0.04927624236205276,3,15
official_code_lidargaitpp,train_clothing,len15_c2,test_fixed5_to_special,query_micro,rank1,0.6134270101483216,0.021756203594811025,0.08102487951659168,3,15
official_code_lidargaitpp,train_clothing,len15_c2,test_fixed5_to_special,query_micro,rank5,0.7689305230288838,0.019531609684928678,0.08575252712777497,3,15
official_code_lidargaitpp,train_clothing,len15_c2,test_fixed5_to_special,subject_macro,mAP,0.6375482264079055,0.011155346303779666,0.04280451153288106,3,15
official_code_lidargaitpp,train_clothing,len15_c2,test_fixed5_to_special,subject_macro,rank1,0.6253672645391722,0.02217273897849769,0.07229647892129103,3,15
official_code_lidargaitpp,train_clothing,len15_c2,test_fixed5_to_special,subject_macro,rank5,0.7801957217175247,0.017409308041359914,0.08063515741357094,3,15
official_code_lidargaitpp,train_clothing,len15_c2,test_general_to_personal,query_micro,mAP,0.9552943486824534,0.015379903232589039,0.05081751607215594,3,15
official_code_lidargaitpp,train_clothing,len15_c2,test_general_to_personal,query_micro,rank1,0.9880392156862746,0.012698739216980748,0.030132094165659158,3,15
official_code_lidargaitpp,train_clothing,len15_c2,test_general_to_personal,query_micro,rank5,0.9993333333333334,0.0009428090415820643,0.0024944382578492965,3,15
official_code_lidargaitpp,train_clothing,len15_c2,test_general_to_personal,subject_macro,mAP,0.955433680984107,0.015598465217870328,0.05088124782996446,3,15
official_code_lidargaitpp,train_clothing,len15_c2,test_general_to_personal,subject_macro,rank1,0.988,0.012754084313139362,0.030155154341063015,3,15
official_code_lidargaitpp,train_clothing,len15_c2,test_general_to_personal,subject_macro,rank5,0.9993333333333334,0.0009428090415820643,0.0024944382578492965,3,15
official_code_lidargaitpp,train_clothing,len15_c2,test_mixed_c2_to_c3,query_micro,mAP,0.974621443329034,0.006064446152797253,0.02192243288439814,3,15
official_code_lidargaitpp,train_clothing,len15_c2,test_mixed_c2_to_c3,query_micro,rank1,0.9796296296296295,0.011151162383203383,0.026598420902621853,3,15
official_code_lidargaitpp,train_clothing,len15_c2,test_mixed_c2_to_c3,query_micro,rank5,0.9983333333333334,0.002357022603955213,0.006236095644623242,3,15
official_code_lidargaitpp,train_clothing,len15_c2,test_mixed_c2_to_c3,subject_macro,mAP,0.974621443329034,0.006064446152797253,0.02192243288439814,3,15
official_code_lidargaitpp,train_clothing,len15_c2,test_mixed_c2_to_c3,subject_macro,rank1,0.9796296296296295,0.011151162383203383,0.026598420902621853,3,15
official_code_lidargaitpp,train_clothing,len15_c2,test_mixed_c2_to_c3,subject_macro,rank5,0.9983333333333334,0.002357022603955213,0.006236095644623242,3,15
official_code_lidargaitpp,train_clothing,len15_c2,test_mixed_c3_to_c2,query_micro,mAP,0.9649267665269199,0.0074293294983263794,0.02144319714382299,3,15
official_code_lidargaitpp,train_clothing,len15_c2,test_mixed_c3_to_c2,query_micro,rank1,0.9698148148148148,0.01054417840406427,0.02913122479209408,3,15
official_code_lidargaitpp,train_clothing,len15_c2,test_mixed_c3_to_c2,query_micro,rank5,1.0,0.0,0.0,3,15
official_code_lidargaitpp,train_clothing,len15_c2,test_mixed_c3_to_c2,subject_macro,mAP,0.9649267665269199,0.0074293294983263794,0.02144319714382299,3,15
official_code_lidargaitpp,train_clothing,len15_c2,test_mixed_c3_to_c2,subject_macro,rank1,0.9698148148148148,0.01054417840406427,0.02913122479209408,3,15
official_code_lidargaitpp,train_clothing,len15_c2,test_mixed_c3_to_c2,subject_macro,rank5,1.0,0.0,0.0,3,15
official_code_lidargaitpp,train_clothing,len15_c2,test_query_micro_overall,query_micro,mAP,0.7374817097034568,0.008476199172313814,0.037957369065236495,3,15
official_code_lidargaitpp,train_clothing,len15_c2,test_query_micro_overall,query_micro,rank1,0.7333838399963106,0.013288953928235316,0.05516868376300984,3,15
official_code_lidargaitpp,train_clothing,len15_c2,test_query_micro_overall,query_micro,rank5,0.8421119966405751,0.013255806077263217,0.05783436186662397,3,15
official_code_lidargaitpp,train_clothing,len15_c2,test_query_micro_overall,subject_macro,mAP,0.8263620685056203,0.010726602428646951,0.034208094843814936,3,15
official_code_lidargaitpp,train_clothing,len15_c2,test_query_micro_overall,subject_macro,rank1,0.8391221738077949,0.005891752846524861,0.03387438586537096,3,15
official_code_lidargaitpp,train_clothing,len15_c2,test_query_micro_overall,subject_macro,rank5,0.9091737524639486,0.007004252161210139,0.0318618919928126,3,15
official_code_lidargaitpp,train_clothing,len15_c2,val,query_micro,mAP,0.9917236857196086,0.002608155137904912,0.0156775191910856,3,15
official_code_lidargaitpp,train_clothing,len15_c2,val,query_micro,rank1,0.9986666666666667,0.001885618083164076,0.004988876515698593,3,15
official_code_lidargaitpp,train_clothing,len15_c2,val,query_micro,rank5,1.0,0.0,0.0,3,15
official_code_lidargaitpp,train_clothing,len15_c2,val,subject_macro,mAP,0.9917176257335778,0.0026150584956847133,0.015676039293544386,3,15
official_code_lidargaitpp,train_clothing,len15_c2,val,subject_macro,rank1,0.9986666666666667,0.001885618083164076,0.004988876515698565,3,15
official_code_lidargaitpp,train_clothing,len15_c2,val,subject_macro,rank5,1.0,0.0,0.0,3,15
official_code_lidargaitpp,train_clothing,len15_c2,val_c2_to_c3,query_micro,mAP,0.9965456348657608,0.0024530374687369346,0.007553385104233432,3,15
official_code_lidargaitpp,train_clothing,len15_c2,val_c2_to_c3,query_micro,rank1,1.0,0.0,0.0,3,15
official_code_lidargaitpp,train_clothing,len15_c2,val_c2_to_c3,query_micro,rank5,1.0,0.0,0.0,3,15
official_code_lidargaitpp,train_clothing,len15_c2,val_c2_to_c3,subject_macro,mAP,0.9965456348657608,0.0024530374687369346,0.007553385104233432,3,15
official_code_lidargaitpp,train_clothing,len15_c2,val_c2_to_c3,subject_macro,rank1,1.0,0.0,0.0,3,15
official_code_lidargaitpp,train_clothing,len15_c2,val_c2_to_c3,subject_macro,rank5,1.0,0.0,0.0,3,15
official_code_lidargaitpp,train_clothing,len15_c2,val_c3_to_c2,query_micro,mAP,0.9915267856915791,0.005642992601024101,0.019700622807424323,3,15
official_code_lidargaitpp,train_clothing,len15_c2,val_c3_to_c2,query_micro,rank1,0.9900000000000001,0.008164965809277223,0.0270801280154532,3,15
official_code_lidargaitpp,train_clothing,len15_c2,val_c3_to_c2,query_micro,rank5,1.0,0.0,0.0,3,15
official_code_lidargaitpp,train_clothing,len15_c2,val_c3_to_c2,subject_macro,mAP,0.9915267856915791,0.005642992601024101,0.019700622807424323,3,15
official_code_lidargaitpp,train_clothing,len15_c2,val_c3_to_c2,subject_macro,rank1,0.9900000000000001,0.008164965809277223,0.0270801280154532,3,15
official_code_lidargaitpp,train_clothing,len15_c2,val_c3_to_c2,subject_macro,rank5,1.0,0.0,0.0,3,15
official_code_lidargaitpp,train_clothing,len15_c3,diagnostic_fixed5_only_to_special,query_micro,mAP,0.6881529618819462,0.02826237989954262,0.0678472853041725,3,15
official_code_lidargaitpp,train_clothing,len15_c3,diagnostic_fixed5_only_to_special,query_micro,rank1,0.6607338017174084,0.05052810423698783,0.09890879817553587,3,15
official_code_lidargaitpp,train_clothing,len15_c3,diagnostic_fixed5_only_to_special,query_micro,rank5,0.8238875878220141,0.048731455889143294,0.09761510688313858,3,15
official_code_lidargaitpp,train_clothing,len15_c3,diagnostic_fixed5_only_to_special,subject_macro,mAP,0.6872161204152741,0.025653181298254703,0.06439207854574908,3,15
official_code_lidargaitpp,train_clothing,len15_c3,diagnostic_fixed5_only_to_special,subject_macro,rank1,0.6617588787949374,0.04541133343581549,0.096753491015383,3,15
official_code_lidargaitpp,train_clothing,len15_c3,diagnostic_fixed5_only_to_special,subject_macro,rank5,0.8173747728860935,0.0471765370437927,0.09210882298837707,3,15
official_code_lidargaitpp,train_clothing,len15_c3,test_all_personal,query_micro,mAP,0.9625390881582315,0.0036406285516168845,0.03270641802728043,3,15
official_code_lidargaitpp,train_clothing,len15_c3,test_all_personal,query_micro,rank1,0.9929811339387576,0.004304398650554313,0.009746505311704469,3,15
official_code_lidargaitpp,train_clothing,len15_c3,test_all_personal,query_micro,rank5,1.0,0.0,0.0,3,15
official_code_lidargaitpp,train_clothing,len15_c3,test_all_personal,subject_macro,mAP,0.9625497271429944,0.0037151280293953983,0.03270192882962683,3,15
official_code_lidargaitpp,train_clothing,len15_c3,test_all_personal,subject_macro,rank1,0.992941798941799,0.004358664518427571,0.009819974684400826,3,15
official_code_lidargaitpp,train_clothing,len15_c3,test_all_personal,subject_macro,rank5,1.0,0.0,0.0,3,15
official_code_lidargaitpp,train_clothing,len15_c3,test_fixed5_c4c5_normal,query_micro,mAP,0.6614287501827915,0.018690663456898307,0.06808896319433194,3,15
official_code_lidargaitpp,train_clothing,len15_c3,test_fixed5_c4c5_normal,query_micro,rank1,0.6331723027375201,0.04463540390098659,0.09693132350162509,3,15
official_code_lidargaitpp,train_clothing,len15_c3,test_fixed5_c4c5_normal,query_micro,rank5,0.8144927536231884,0.04921533396429776,0.08935326434999669,3,15
official_code_lidargaitpp,train_clothing,len15_c3,test_fixed5_c4c5_normal,subject_macro,mAP,0.6657143745976614,0.016914931854488717,0.06689622000498366,3,15
official_code_lidargaitpp,train_clothing,len15_c3,test_fixed5_c4c5_normal,subject_macro,rank1,0.6388027571580063,0.04159893657863922,0.09427887697276709,3,15
official_code_lidargaitpp,train_clothing,len15_c3,test_fixed5_c4c5_normal,subject_macro,rank5,0.8192145634499823,0.04586260341311875,0.08399691788106424,3,15
official_code_lidargaitpp,train_clothing,len15_c3,test_fixed5_c7,query_micro,mAP,0.6156630557278792,0.020635607599764846,0.08370519643749268,3,15
official_code_lidargaitpp,train_clothing,len15_c3,test_fixed5_c7,query_micro,rank1,0.6457142857142858,0.031751586815561214,0.10813194258313646,3,15
official_code_lidargaitpp,train_clothing,len15_c3,test_fixed5_c7,query_micro,rank5,0.8123809523809523,0.031522226977972176,0.08742213898943178,3,15
official_code_lidargaitpp,train_clothing,len15_c3,test_fixed5_c7,subject_macro,mAP,0.5274363175696797,0.02348263061075132,0.09592767032576258,3,15
official_code_lidargaitpp,train_clothing,len15_c3,test_fixed5_c7,subject_macro,rank1,0.5202777777777777,0.03732572673831297,0.12853894663668725,3,15
official_code_lidargaitpp,train_clothing,len15_c3,test_fixed5_c7,subject_macro,rank5,0.6925,0.052156060334630654,0.1354963440807879,3,15
official_code_lidargaitpp,train_clothing,len15_c3,test_fixed5_to_personal,query_micro,mAP,0.9705194708734456,0.005296330879983027,0.02945271134991458,3,15
official_code_lidargaitpp,train_clothing,len15_c3,test_fixed5_to_personal,query_micro,rank1,0.9966996699669967,0.002469740849355739,0.005903809841583609,3,15
official_code_lidargaitpp,train_clothing,len15_c3,test_fixed5_to_personal,query_micro,rank5,1.0,0.0,0.0,3,15
official_code_lidargaitpp,train_clothing,len15_c3,test_fixed5_to_personal,subject_macro,mAP,0.9706224934988551,0.005338552551053903,0.02936334664836934,3,15
official_code_lidargaitpp,train_clothing,len15_c3,test_fixed5_to_personal,subject_macro,rank1,0.9966984126984126,0.002486344666565239,0.005928438620726169,3,15
official_code_lidargaitpp,train_clothing,len15_c3,test_fixed5_to_personal,subject_macro,rank5,1.0,0.0,0.0,3,15
official_code_lidargaitpp,train_clothing,len15_c3,test_fixed5_to_special,query_micro,mAP,0.6315603766727038,0.01654085040586089,0.07107053390011783,3,15
official_code_lidargaitpp,train_clothing,len15_c3,test_fixed5_to_special,query_micro,rank1,0.6170179547228728,0.03154172536438501,0.09095928156002894,3,15
official_code_lidargaitpp,train_clothing,len15_c3,test_fixed5_to_special,query_micro,rank5,0.7960967993754879,0.039087548304184636,0.096037646570378,3,15
official_code_lidargaitpp,train_clothing,len15_c3,test_fixed5_to_special,subject_macro,mAP,0.6289952885861676,0.012833037034828586,0.0688812527732746,3,15
official_code_lidargaitpp,train_clothing,len15_c3,test_fixed5_to_special,subject_macro,rank1,0.616966061029583,0.024423380545460057,0.09029616094868309,3,15
official_code_lidargaitpp,train_clothing,len15_c3,test_fixed5_to_special,subject_macro,rank5,0.7888632036648809,0.0366049170411259,0.08945443378068597,3,15
official_code_lidargaitpp,train_clothing,len15_c3,test_general_to_personal,query_micro,mAP,0.9547384879532593,0.0033760863198279774,0.043440983794374485,3,15
official_code_lidargaitpp,train_clothing,len15_c3,test_general_to_personal,query_micro,rank1,0.9894117647058823,0.006721878257982343,0.01828911868036072,3,15
official_code_lidargaitpp,train_clothing,len15_c3,test_general_to_personal,query_micro,rank5,1.0,0.0,0.0,3,15
official_code_lidargaitpp,train_clothing,len15_c3,test_general_to_personal,subject_macro,mAP,0.9546121947033838,0.0034871090616127,0.04353330831825368,3,15
official_code_lidargaitpp,train_clothing,len15_c3,test_general_to_personal,subject_macro,rank1,0.9893333333333333,0.006798692684790371,0.01842703328144702,3,15
official_code_lidargaitpp,train_clothing,len15_c3,test_general_to_personal,subject_macro,rank5,1.0,0.0,0.0,3,15
official_code_lidargaitpp,train_clothing,len15_c3,test_mixed_c2_to_c3,query_micro,mAP,0.9664677303367192,0.0068592402314528065,0.02827485839175486,3,15
official_code_lidargaitpp,train_clothing,len15_c3,test_mixed_c2_to_c3,query_micro,rank1,0.9712962962962962,0.013320467043225516,0.03881827804736338,3,15
official_code_lidargaitpp,train_clothing,len15_c3,test_mixed_c2_to_c3,query_micro,rank5,1.0,0.0,0.0,3,15
official_code_lidargaitpp,train_clothing,len15_c3,test_mixed_c2_to_c3,subject_macro,mAP,0.9664677303367192,0.0068592402314528065,0.02827485839175486,3,15
official_code_lidargaitpp,train_clothing,len15_c3,test_mixed_c2_to_c3,subject_macro,rank1,0.9712962962962962,0.013320467043225516,0.03881827804736338,3,15
official_code_lidargaitpp,train_clothing,len15_c3,test_mixed_c2_to_c3,subject_macro,rank5,1.0,0.0,0.0,3,15
official_code_lidargaitpp,train_clothing,len15_c3,test_mixed_c3_to_c2,query_micro,mAP,0.94654393421555,0.019255477142956348,0.04803360692304043,3,15
official_code_lidargaitpp,train_clothing,len15_c3,test_mixed_c3_to_c2,query_micro,rank1,0.932962962962963,0.03438565273271099,0.07612575330005401,3,15
official_code_lidargaitpp,train_clothing,len15_c3,test_mixed_c3_to_c2,query_micro,rank5,0.995,0.007071067811865481,0.018708286933869694,3,15
official_code_lidargaitpp,train_clothing,len15_c3,test_mixed_c3_to_c2,subject_macro,mAP,0.94654393421555,0.019255477142956348,0.04803360692304043,3,15
official_code_lidargaitpp,train_clothing,len15_c3,test_mixed_c3_to_c2,subject_macro,rank1,0.932962962962963,0.03438565273271099,0.07612575330005401,3,15
official_code_lidargaitpp,train_clothing,len15_c3,test_mixed_c3_to_c2,subject_macro,rank5,0.995,0.007071067811865481,0.018708286933869694,3,15
official_code_lidargaitpp,train_clothing,len15_c3,test_query_micro_overall,query_micro,mAP,0.7358721111477914,0.010795757058655769,0.0562551872136311,3,15
official_code_lidargaitpp,train_clothing,len15_c3,test_query_micro_overall,query_micro,rank1,0.7354886863301212,0.020098690716501996,0.063610529888735,3,15
official_code_lidargaitpp,train_clothing,len15_c3,test_query_micro_overall,query_micro,rank5,0.8602158904870102,0.026624993898700197,0.06622510439526658,3,15
official_code_lidargaitpp,train_clothing,len15_c3,test_query_micro_overall,subject_macro,mAP,0.8216116116061607,0.00397995689147703,0.044054199702497354,3,15
official_code_lidargaitpp,train_clothing,len15_c3,test_query_micro_overall,subject_macro,rank1,0.8363682833627278,0.0066927536491135035,0.03984085040764847,3,15
official_code_lidargaitpp,train_clothing,len15_c3,test_query_micro_overall,subject_macro,rank5,0.9134386520040115,0.014966357091414025,0.03812888540938826,3,15
official_code_lidargaitpp,train_clothing,len15_c3,val,query_micro,mAP,0.9841253608850872,0.006977196754170676,0.03212397325168659,3,15
official_code_lidargaitpp,train_clothing,len15_c3,val,query_micro,rank1,0.996,0.0043204937989385775,0.012543258481484531,3,15
official_code_lidargaitpp,train_clothing,len15_c3,val,query_micro,rank5,1.0,0.0,0.0,3,15
official_code_lidargaitpp,train_clothing,len15_c3,val,subject_macro,mAP,0.9841267038096081,0.0069794675228455555,0.03212441808922476,3,15
official_code_lidargaitpp,train_clothing,len15_c3,val,subject_macro,rank1,0.996,0.0043204937989385775,0.012543258481484531,3,15
official_code_lidargaitpp,train_clothing,len15_c3,val,subject_macro,rank5,1.0,0.0,0.0,3,15
official_code_lidargaitpp,train_clothing,len15_c3,val_c2_to_c3,query_micro,mAP,0.9895649802188079,0.003658858494149546,0.01870818053139334,3,15
official_code_lidargaitpp,train_clothing,len15_c3,val_c2_to_c3,query_micro,rank1,0.9866666666666667,0.00942809041582059,0.03399346342395189,3,15
official_code_lidargaitpp,train_clothing,len15_c3,val_c2_to_c3,query_micro,rank5,1.0,0.0,0.0,3,15
official_code_lidargaitpp,train_clothing,len15_c3,val_c2_to_c3,subject_macro,mAP,0.9895649802188079,0.003658858494149546,0.01870818053139334,3,15
official_code_lidargaitpp,train_clothing,len15_c3,val_c2_to_c3,subject_macro,rank1,0.9866666666666667,0.00942809041582059,0.03399346342395189,3,15
official_code_lidargaitpp,train_clothing,len15_c3,val_c2_to_c3,subject_macro,rank5,1.0,0.0,0.0,3,15
official_code_lidargaitpp,train_clothing,len15_c3,val_c3_to_c2,query_micro,mAP,0.9936031745374203,0.003737982232893936,0.01295796722791234,3,15
official_code_lidargaitpp,train_clothing,len15_c3,val_c3_to_c2,query_micro,rank1,0.9933333333333333,0.00942809041582059,0.02494438257849294,3,15
official_code_lidargaitpp,train_clothing,len15_c3,val_c3_to_c2,query_micro,rank5,1.0,0.0,0.0,3,15
official_code_lidargaitpp,train_clothing,len15_c3,val_c3_to_c2,subject_macro,mAP,0.9936031745374203,0.003737982232893936,0.01295796722791234,3,15
official_code_lidargaitpp,train_clothing,len15_c3,val_c3_to_c2,subject_macro,rank1,0.9933333333333333,0.00942809041582059,0.02494438257849294,3,15
official_code_lidargaitpp,train_clothing,len15_c3,val_c3_to_c2,subject_macro,rank5,1.0,0.0,0.0,3,15
official_code_lidargaitpp,train_video_count,len15_16videos_per_id,diagnostic_fixed5_only_to_special,query_micro,mAP,0.712847746410796,0.004384715286600211,0.06362265761931145,3,15
official_code_lidargaitpp,train_video_count,len15_16videos_per_id,diagnostic_fixed5_only_to_special,query_micro,rank1,0.6708821233411397,0.005637929769014104,0.09801383659665787,3,15
official_code_lidargaitpp,train_video_count,len15_16videos_per_id,diagnostic_fixed5_only_to_special,query_micro,rank5,0.7873536299765808,0.008517209490701562,0.09196802118406061,3,15
official_code_lidargaitpp,train_video_count,len15_16videos_per_id,diagnostic_fixed5_only_to_special,subject_macro,mAP,0.7141717978076884,0.006497395395782585,0.05593074505572354,3,15
official_code_lidargaitpp,train_video_count,len15_16videos_per_id,diagnostic_fixed5_only_to_special,subject_macro,rank1,0.6759747728860935,0.00907401492641365,0.0893720939330078,3,15
official_code_lidargaitpp,train_video_count,len15_16videos_per_id,diagnostic_fixed5_only_to_special,subject_macro,rank5,0.7906177964127649,0.012551819026811996,0.08530629707207212,3,15
official_code_lidargaitpp,train_video_count,len15_16videos_per_id,test_all_personal,query_micro,mAP,0.9847874348200508,0.0016237811434235013,0.016045713396453224,3,15
official_code_lidargaitpp,train_video_count,len15_16videos_per_id,test_all_personal,query_micro,rank1,0.9953199014137417,0.00182440715008874,0.00861328595464037,3,15
official_code_lidargaitpp,train_video_count,len15_16videos_per_id,test_all_personal,query_micro,rank5,0.9986733001658376,0.00046905922466773295,0.002853175876299366,3,15
official_code_lidargaitpp,train_video_count,len15_16videos_per_id,test_all_personal,subject_macro,mAP,0.9849023189653289,0.0015016416870842295,0.016040528345288577,3,15
official_code_lidargaitpp,train_video_count,len15_16videos_per_id,test_all_personal,subject_macro,rank1,0.9952962962962962,0.0018332398030762593,0.008656372487161598,3,15
official_code_lidargaitpp,train_video_count,len15_16videos_per_id,test_all_personal,subject_macro,rank5,0.9986666666666667,0.0004714045207910321,0.002867441755680897,3,15
official_code_lidargaitpp,train_video_count,len15_16videos_per_id,test_fixed5_c4c5_normal,query_micro,mAP,0.7070087822367124,0.0060316510649631346,0.06167793812226129,3,15
official_code_lidargaitpp,train_video_count,len15_16videos_per_id,test_fixed5_c4c5_normal,query_micro,rank1,0.6650563607085346,0.011165820176077063,0.099171839982002,3,15
official_code_lidargaitpp,train_video_count,len15_16videos_per_id,test_fixed5_c4c5_normal,query_micro,rank5,0.8041867954911434,0.023670949855089173,0.08540149517749414,3,15
official_code_lidargaitpp,train_video_count,len15_16videos_per_id,test_fixed5_c4c5_normal,subject_macro,mAP,0.7136831902237158,0.004117443455255648,0.05994696066103849,3,15
official_code_lidargaitpp,train_video_count,len15_16videos_per_id,test_fixed5_c4c5_normal,subject_macro,rank1,0.6750993283845882,0.01064167713525346,0.0984354672938707,3,15
official_code_lidargaitpp,train_video_count,len15_16videos_per_id,test_fixed5_c4c5_normal,subject_macro,rank5,0.8145751148815835,0.0249420725714212,0.08145491557795644,3,15
official_code_lidargaitpp,train_video_count,len15_16videos_per_id,test_fixed5_c7,query_micro,mAP,0.668097783822034,0.03212903758156175,0.07458083557308122,3,15
official_code_lidargaitpp,train_video_count,len15_16videos_per_id,test_fixed5_c7,query_micro,rank1,0.6547619047619048,0.03808928524918332,0.1019759430969949,3,15
official_code_lidargaitpp,train_video_count,len15_16videos_per_id,test_fixed5_c7,query_micro,rank5,0.7428571428571429,0.0394002658922621,0.08825596663262208,3,15
official_code_lidargaitpp,train_video_count,len15_16videos_per_id,test_fixed5_c7,subject_macro,mAP,0.5468708676565438,0.03144923285480493,0.07704673481313883,3,15
official_code_lidargaitpp,train_video_count,len15_16videos_per_id,test_fixed5_c7,subject_macro,rank1,0.4895833333333333,0.03944640057747372,0.09526400937122834,3,15
official_code_lidargaitpp,train_video_count,len15_16videos_per_id,test_fixed5_c7,subject_macro,rank5,0.5793055555555555,0.05063981074311758,0.1257166186702321,3,15
official_code_lidargaitpp,train_video_count,len15_16videos_per_id,test_fixed5_to_personal,query_micro,mAP,0.9958848713648201,0.0010328082271839436,0.003996045300611717,3,15
official_code_lidargaitpp,train_video_count,len15_16videos_per_id,test_fixed5_to_personal,query_micro,rank1,0.9993399339933994,0.0009334742985961031,0.002469740849355739,3,15
official_code_lidargaitpp,train_video_count,len15_16videos_per_id,test_fixed5_to_personal,query_micro,rank5,1.0,0.0,0.0,3,15
official_code_lidargaitpp,train_video_count,len15_16videos_per_id,test_fixed5_to_personal,subject_macro,mAP,0.9958673069685225,0.0010331337930900436,0.00401425805150428,3,15
official_code_lidargaitpp,train_video_count,len15_16videos_per_id,test_fixed5_to_personal,subject_macro,rank1,0.9993333333333334,0.0009428090415820643,0.0024944382578492965,3,15
official_code_lidargaitpp,train_video_count,len15_16videos_per_id,test_fixed5_to_personal,subject_macro,rank5,1.0,0.0,0.0,3,15
official_code_lidargaitpp,train_video_count,len15_16videos_per_id,test_fixed5_to_special,query_micro,mAP,0.6762845742793218,0.01334936647796089,0.06951448698579146,3,15
official_code_lidargaitpp,train_video_count,len15_16videos_per_id,test_fixed5_to_special,query_micro,rank1,0.6419984387197503,0.018429721354598035,0.09679761273608399,3,15
official_code_lidargaitpp,train_video_count,len15_16videos_per_id,test_fixed5_to_special,query_micro,rank5,0.7686182669789227,0.010139911245045753,0.09285037476577483,3,15
official_code_lidargaitpp,train_video_count,len15_16videos_per_id,test_fixed5_to_special,subject_macro,mAP,0.6763959040416915,0.013588636531116116,0.06317217259644474,3,15
official_code_lidargaitpp,train_video_count,len15_16videos_per_id,test_fixed5_to_special,subject_macro,rank1,0.6458637937728084,0.01722659270505445,0.08968774916131173,3,15
official_code_lidargaitpp,train_video_count,len15_16videos_per_id,test_fixed5_to_special,subject_macro,rank5,0.7711900458110102,0.014311374693106943,0.08660073744727238,3,15
official_code_lidargaitpp,train_video_count,len15_16videos_per_id,test_general_to_personal,query_micro,mAP,0.9736462672337208,0.0020842870415969782,0.0333372303960684,3,15
official_code_lidargaitpp,train_video_count,len15_16videos_per_id,test_general_to_personal,query_micro,rank1,0.9913333333333333,0.004714045207910373,0.017461067804945076,3,15
official_code_lidargaitpp,train_video_count,len15_16videos_per_id,test_general_to_personal,query_micro,rank5,0.9973333333333333,0.0009428090415820119,0.005734883511361756,3,15
official_code_lidargaitpp,train_video_count,len15_16videos_per_id,test_general_to_personal,subject_macro,mAP,0.9739624782963233,0.001862473283759593,0.03321132522902511,3,15
official_code_lidargaitpp,train_video_count,len15_16videos_per_id,test_general_to_personal,subject_macro,rank1,0.9913333333333334,0.004714045207910269,0.01746106780494505,3,15
official_code_lidargaitpp,train_video_count,len15_16videos_per_id,test_general_to_personal,subject_macro,rank5,0.9973333333333333,0.0009428090415820119,0.005734883511361734,3,15
official_code_lidargaitpp,train_video_count,len15_16videos_per_id,test_mixed_c2_to_c3,query_micro,mAP,0.9929788964986801,0.003356149408324434,0.010745786170421504,3,15
official_code_lidargaitpp,train_video_count,len15_16videos_per_id,test_mixed_c2_to_c3,query_micro,rank1,1.0,0.0,0.0,3,15
official_code_lidargaitpp,train_video_count,len15_16videos_per_id,test_mixed_c2_to_c3,query_micro,rank5,1.0,0.0,0.0,3,15
official_code_lidargaitpp,train_video_count,len15_16videos_per_id,test_mixed_c2_to_c3,subject_macro,mAP,0.9929788964986801,0.003356149408324434,0.010745786170421504,3,15
official_code_lidargaitpp,train_video_count,len15_16videos_per_id,test_mixed_c2_to_c3,subject_macro,rank1,1.0,0.0,0.0,3,15
official_code_lidargaitpp,train_video_count,len15_16videos_per_id,test_mixed_c2_to_c3,subject_macro,rank5,1.0,0.0,0.0,3,15
official_code_lidargaitpp,train_video_count,len15_16videos_per_id,test_mixed_c3_to_c2,query_micro,mAP,0.9923382938404878,0.004542978485018073,0.011303835849768172,3,15
official_code_lidargaitpp,train_video_count,len15_16videos_per_id,test_mixed_c3_to_c2,query_micro,rank1,0.9933333333333333,0.006236095644623231,0.019293061504650367,3,15
official_code_lidargaitpp,train_video_count,len15_16videos_per_id,test_mixed_c3_to_c2,query_micro,rank5,1.0,0.0,0.0,3,15
official_code_lidargaitpp,train_video_count,len15_16videos_per_id,test_mixed_c3_to_c2,subject_macro,mAP,0.9923382938404878,0.004542978485018073,0.011303835849768172,3,15
official_code_lidargaitpp,train_video_count,len15_16videos_per_id,test_mixed_c3_to_c2,subject_macro,rank1,0.9933333333333333,0.006236095644623231,0.019293061504650367,3,15
official_code_lidargaitpp,train_video_count,len15_16videos_per_id,test_mixed_c3_to_c2,subject_macro,rank5,1.0,0.0,0.0,3,15
official_code_lidargaitpp,train_video_count,len15_16videos_per_id,test_query_micro_overall,query_micro,mAP,0.7735839033505975,0.009186631265929326,0.049272222644081834,3,15
official_code_lidargaitpp,train_video_count,len15_16videos_per_id,test_query_micro_overall,query_micro,rank1,0.7533511193056953,0.011889778481999997,0.06797777638234256,3,15
official_code_lidargaitpp,train_video_count,len15_16videos_per_id,test_query_micro_overall,query_micro,rank5,0.8411759228219169,0.007279880724089193,0.0640631139311285,3,15
official_code_lidargaitpp,train_video_count,len15_16videos_per_id,test_query_micro_overall,subject_macro,mAP,0.8534347858139344,0.006024498893504202,0.034824966435532484,3,15
official_code_lidargaitpp,train_video_count,len15_16videos_per_id,test_query_micro_overall,subject_macro,rank1,0.8493672839506173,0.005112287511898172,0.04272497426712515,3,15
official_code_lidargaitpp,train_video_count,len15_16videos_per_id,test_query_micro_overall,subject_macro,rank5,0.904420657398762,0.006332633408991123,0.037946894045656744,3,15
official_code_lidargaitpp,train_video_count,len15_16videos_per_id,val,query_micro,mAP,0.9943453142444293,0.0008723315554353494,0.011476353762849036,3,15
official_code_lidargaitpp,train_video_count,len15_16videos_per_id,val,query_micro,rank1,0.9993333333333334,0.0009428090415820643,0.0024944382578492965,3,15
official_code_lidargaitpp,train_video_count,len15_16videos_per_id,val,query_micro,rank5,1.0,0.0,0.0,3,15
official_code_lidargaitpp,train_video_count,len15_16videos_per_id,val,subject_macro,mAP,0.9943453142444293,0.000872331555435305,0.011476353762849018,3,15
official_code_lidargaitpp,train_video_count,len15_16videos_per_id,val,subject_macro,rank1,0.9993333333333334,0.0009428090415820643,0.0024944382578492965,3,15
official_code_lidargaitpp,train_video_count,len15_16videos_per_id,val,subject_macro,rank5,1.0,0.0,0.0,3,15
official_code_lidargaitpp,train_video_count,len15_16videos_per_id,val_c2_to_c3,query_micro,mAP,1.0,0.0,0.0,3,15
official_code_lidargaitpp,train_video_count,len15_16videos_per_id,val_c2_to_c3,query_micro,rank1,1.0,0.0,0.0,3,15
official_code_lidargaitpp,train_video_count,len15_16videos_per_id,val_c2_to_c3,query_micro,rank5,1.0,0.0,0.0,3,15
official_code_lidargaitpp,train_video_count,len15_16videos_per_id,val_c2_to_c3,subject_macro,mAP,1.0,0.0,0.0,3,15
official_code_lidargaitpp,train_video_count,len15_16videos_per_id,val_c2_to_c3,subject_macro,rank1,1.0,0.0,0.0,3,15
official_code_lidargaitpp,train_video_count,len15_16videos_per_id,val_c2_to_c3,subject_macro,rank5,1.0,0.0,0.0,3,15
official_code_lidargaitpp,train_video_count,len15_16videos_per_id,val_c3_to_c2,query_micro,mAP,0.9988472221295038,0.0005446852877656336,0.0021393398441522174,3,15
official_code_lidargaitpp,train_video_count,len15_16videos_per_id,val_c3_to_c2,query_micro,rank1,1.0,0.0,0.0,3,15
official_code_lidargaitpp,train_video_count,len15_16videos_per_id,val_c3_to_c2,query_micro,rank5,1.0,0.0,0.0,3,15
official_code_lidargaitpp,train_video_count,len15_16videos_per_id,val_c3_to_c2,subject_macro,mAP,0.9988472221295038,0.0005446852877656336,0.0021393398441522174,3,15
official_code_lidargaitpp,train_video_count,len15_16videos_per_id,val_c3_to_c2,subject_macro,rank1,1.0,0.0,0.0,3,15
official_code_lidargaitpp,train_video_count,len15_16videos_per_id,val_c3_to_c2,subject_macro,rank5,1.0,0.0,0.0,3,15
official_code_lidargaitpp,train_video_count,len15_2videos_per_id,diagnostic_fixed5_only_to_special,query_micro,mAP,0.6767044882107581,0.009866181261072618,0.04558963888750244,3,15
official_code_lidargaitpp,train_video_count,len15_2videos_per_id,diagnostic_fixed5_only_to_special,query_micro,rank1,0.6266978922716627,0.015177378684795925,0.07603995830849904,3,15
official_code_lidargaitpp,train_video_count,len15_2videos_per_id,diagnostic_fixed5_only_to_special,query_micro,rank5,0.755815768930523,0.010614409449981875,0.08764944446787336,3,15
official_code_lidargaitpp,train_video_count,len15_2videos_per_id,diagnostic_fixed5_only_to_special,subject_macro,mAP,0.6852928762355042,0.009277372281676964,0.0471711105993165,3,15
official_code_lidargaitpp,train_video_count,len15_2videos_per_id,diagnostic_fixed5_only_to_special,subject_macro,rank1,0.6385311204286047,0.014002179678982502,0.07914773284920919,3,15
official_code_lidargaitpp,train_video_count,len15_2videos_per_id,diagnostic_fixed5_only_to_special,subject_macro,rank5,0.7635422858917617,0.00942558666682972,0.08881871106951292,3,15
official_code_lidargaitpp,train_video_count,len15_2videos_per_id,test_all_personal,query_micro,mAP,0.9799599317365798,0.004149679591561911,0.021413095464213612,3,15
official_code_lidargaitpp,train_video_count,len15_2videos_per_id,test_all_personal,query_micro,rank1,0.987299475009714,0.005858854491212574,0.021899351986622493,3,15
official_code_lidargaitpp,train_video_count,len15_2videos_per_id,test_all_personal,query_micro,rank5,0.999004975124378,0.000812434408883333,0.0026945401010401073,3,15
official_code_lidargaitpp,train_video_count,len15_2videos_per_id,test_all_personal,subject_macro,mAP,0.9799707065933009,0.004108491348049786,0.02146277805845542,3,15
official_code_lidargaitpp,train_video_count,len15_2videos_per_id,test_all_personal,subject_macro,rank1,0.9872222222222221,0.005906681715556478,0.022012903062398836,3,15
official_code_lidargaitpp,train_video_count,len15_2videos_per_id,test_all_personal,subject_macro,rank5,0.999,0.0008164965809277267,0.0027080128015453337,3,15
official_code_lidargaitpp,train_video_count,len15_2videos_per_id,test_fixed5_c4c5_normal,query_micro,mAP,0.6775405993640136,0.012354437446827652,0.036438463762247304,3,15
official_code_lidargaitpp,train_video_count,len15_2videos_per_id,test_fixed5_c4c5_normal,query_micro,rank1,0.6173913043478261,0.0195318894686716,0.04681090454149977,3,15
official_code_lidargaitpp,train_video_count,len15_2videos_per_id,test_fixed5_c4c5_normal,query_micro,rank5,0.7487922705314008,0.005955955558424159,0.055921917404783694,3,15
official_code_lidargaitpp,train_video_count,len15_2videos_per_id,test_fixed5_c4c5_normal,subject_macro,mAP,0.6863785332196559,0.012333995856416344,0.03674415959690679,3,15
official_code_lidargaitpp,train_video_count,len15_2videos_per_id,test_fixed5_c4c5_normal,subject_macro,rank1,0.6286249558147755,0.019566376151422534,0.04826602229768853,3,15
official_code_lidargaitpp,train_video_count,len15_2videos_per_id,test_fixed5_c4c5_normal,subject_macro,rank5,0.7605652173913043,0.005074492347988281,0.05402820799341027,3,15
official_code_lidargaitpp,train_video_count,len15_2videos_per_id,test_fixed5_c7,query_micro,mAP,0.6298617890264306,0.017939483777527968,0.05323625247914248,3,15
official_code_lidargaitpp,train_video_count,len15_2videos_per_id,test_fixed5_c7,query_micro,rank1,0.6319047619047619,0.05472669675641392,0.1070592266202925,3,15
official_code_lidargaitpp,train_video_count,len15_2videos_per_id,test_fixed5_c7,query_micro,rank5,0.7571428571428571,0.02367581503744011,0.06362090102803519,3,15
official_code_lidargaitpp,train_video_count,len15_2videos_per_id,test_fixed5_c7,subject_macro,mAP,0.5051236123053564,0.02009358496433908,0.057363090905727644,3,15
official_code_lidargaitpp,train_video_count,len15_2videos_per_id,test_fixed5_c7,subject_macro,rank1,0.4688888888888889,0.05247831709794152,0.10607001822113588,3,15
official_code_lidargaitpp,train_video_count,len15_2videos_per_id,test_fixed5_c7,subject_macro,rank5,0.5901388888888889,0.030554924235902264,0.10747110579242643,3,15
official_code_lidargaitpp,train_video_count,len15_2videos_per_id,test_fixed5_to_personal,query_micro,mAP,0.9930207688619594,0.0009210431977591176,0.005418033119012856,3,15
official_code_lidargaitpp,train_video_count,len15_2videos_per_id,test_fixed5_to_personal,query_micro,rank1,0.9973597359735974,0.0009334742985961031,0.004378382561525284,3,15
official_code_lidargaitpp,train_video_count,len15_2videos_per_id,test_fixed5_to_personal,query_micro,rank5,1.0,0.0,0.0,3,15
official_code_lidargaitpp,train_video_count,len15_2videos_per_id,test_fixed5_to_personal,subject_macro,mAP,0.9930038527202986,0.0009182869883930663,0.005467782672391289,3,15
official_code_lidargaitpp,train_video_count,len15_2videos_per_id,test_fixed5_to_personal,subject_macro,rank1,0.9973333333333333,0.0009428090415820119,0.0044221663871405375,3,15
official_code_lidargaitpp,train_video_count,len15_2videos_per_id,test_fixed5_to_personal,subject_macro,rank5,1.0,0.0,0.0,3,15
official_code_lidargaitpp,train_video_count,len15_2videos_per_id,test_fixed5_to_special,query_micro,mAP,0.631788760488802,0.009146429247279092,0.029179770779140385,3,15
official_code_lidargaitpp,train_video_count,len15_2videos_per_id,test_fixed5_to_special,query_micro,rank1,0.5879781420765028,0.018206161225975168,0.04630821440364757,3,15
official_code_lidargaitpp,train_video_count,len15_2videos_per_id,test_fixed5_to_special,query_micro,rank5,0.7238095238095239,0.00994573508735861,0.07249856577050977,3,15
official_code_lidargaitpp,train_video_count,len15_2videos_per_id,test_fixed5_to_special,subject_macro,mAP,0.6385224303531388,0.009457022362566361,0.030370044199944924,3,15
official_code_lidargaitpp,train_video_count,len15_2videos_per_id,test_fixed5_to_special,subject_macro,rank1,0.5963946967932293,0.01958788574084967,0.04592273978870889,3,15
official_code_lidargaitpp,train_video_count,len15_2videos_per_id,test_fixed5_to_special,subject_macro,rank5,0.7318091622020343,0.00942527357349251,0.07393423936792197,3,15
official_code_lidargaitpp,train_video_count,len15_2videos_per_id,test_general_to_personal,query_micro,mAP,0.9669580926684773,0.008389069243866119,0.04197818050931182,3,15
official_code_lidargaitpp,train_video_count,len15_2videos_per_id,test_general_to_personal,query_micro,rank1,0.9773725490196078,0.01081770232458063,0.04478469145817831,3,15
official_code_lidargaitpp,train_video_count,len15_2videos_per_id,test_general_to_personal,query_micro,rank5,0.9980000000000001,0.001632993161855408,0.005416025603090645,3,15
official_code_lidargaitpp,train_video_count,len15_2videos_per_id,test_general_to_personal,subject_macro,mAP,0.9670793827591521,0.008318631155000021,0.04193580072702282,3,15
official_code_lidargaitpp,train_video_count,len15_2videos_per_id,test_general_to_personal,subject_macro,rank1,0.9773333333333333,0.010873004286866685,0.04479087208597552,3,15
official_code_lidargaitpp,train_video_count,len15_2videos_per_id,test_general_to_personal,subject_macro,rank5,0.9980000000000001,0.001632993161855408,0.0054160256030906205,3,15
official_code_lidargaitpp,train_video_count,len15_2videos_per_id,test_mixed_c2_to_c3,query_micro,mAP,0.9973280422886214,0.001333800041922071,0.004654207745487006,3,15
official_code_lidargaitpp,train_video_count,len15_2videos_per_id,test_mixed_c2_to_c3,query_micro,rank1,1.0,0.0,0.0,3,15
official_code_lidargaitpp,train_video_count,len15_2videos_per_id,test_mixed_c2_to_c3,query_micro,rank5,1.0,0.0,0.0,3,15
official_code_lidargaitpp,train_video_count,len15_2videos_per_id,test_mixed_c2_to_c3,subject_macro,mAP,0.9973280422886214,0.001333800041922071,0.004654207745487006,3,15
official_code_lidargaitpp,train_video_count,len15_2videos_per_id,test_mixed_c2_to_c3,subject_macro,rank1,1.0,0.0,0.0,3,15
official_code_lidargaitpp,train_video_count,len15_2videos_per_id,test_mixed_c2_to_c3,subject_macro,rank5,1.0,0.0,0.0,3,15
official_code_lidargaitpp,train_video_count,len15_2videos_per_id,test_mixed_c3_to_c2,query_micro,mAP,0.9894570709764957,0.004030268523736379,0.013616779756653364,3,15
official_code_lidargaitpp,train_video_count,len15_2videos_per_id,test_mixed_c3_to_c2,query_micro,rank1,0.9899999999999999,0.0,0.020000000000000018,3,15
official_code_lidargaitpp,train_video_count,len15_2videos_per_id,test_mixed_c3_to_c2,query_micro,rank5,0.9983333333333334,0.002357022603955213,0.006236095644623242,3,15
official_code_lidargaitpp,train_video_count,len15_2videos_per_id,test_mixed_c3_to_c2,subject_macro,mAP,0.9894570709764957,0.004030268523736379,0.013616779756653364,3,15
official_code_lidargaitpp,train_video_count,len15_2videos_per_id,test_mixed_c3_to_c2,subject_macro,rank1,0.9899999999999999,0.0,0.020000000000000018,3,15
official_code_lidargaitpp,train_video_count,len15_2videos_per_id,test_mixed_c3_to_c2,subject_macro,rank5,0.9983333333333334,0.002357022603955213,0.006236095644623242,3,15
official_code_lidargaitpp,train_video_count,len15_2videos_per_id,test_query_micro_overall,query_micro,mAP,0.7418450905863295,0.007399487794758238,0.023786952621746908,3,15
official_code_lidargaitpp,train_video_count,len15_2videos_per_id,test_query_micro_overall,query_micro,rank1,0.7143036532413838,0.013253782153661398,0.03252926574878327,3,15
official_code_lidargaitpp,train_video_count,len15_2videos_per_id,test_query_micro_overall,query_micro,rank5,0.8111184631784699,0.0066837523219448304,0.04894217488400184,3,15
official_code_lidargaitpp,train_video_count,len15_2videos_per_id,test_query_micro_overall,subject_macro,mAP,0.8339666123967991,0.007458471999469706,0.02886149307247301,3,15
official_code_lidargaitpp,train_video_count,len15_2videos_per_id,test_query_micro_overall,subject_macro,rank1,0.8222726268285093,0.011087719901222981,0.031038386217812238,3,15
official_code_lidargaitpp,train_video_count,len15_2videos_per_id,test_query_micro_overall,subject_macro,rank5,0.8890301673755922,0.0038825527250460944,0.029418596809520522,3,15
official_code_lidargaitpp,train_video_count,len15_2videos_per_id,val,query_micro,mAP,0.9951819447080293,0.0008334681236483153,0.009775898984553952,3,15
official_code_lidargaitpp,train_video_count,len15_2videos_per_id,val,query_micro,rank1,0.9993333333333334,0.0009428090415820643,0.0024944382578492965,3,15
official_code_lidargaitpp,train_video_count,len15_2videos_per_id,val,query_micro,rank5,1.0,0.0,0.0,3,15
official_code_lidargaitpp,train_video_count,len15_2videos_per_id,val,subject_macro,mAP,0.9951819447080293,0.0008334681236483153,0.009775898984553959,3,15
official_code_lidargaitpp,train_video_count,len15_2videos_per_id,val,subject_macro,rank1,0.9993333333333334,0.0009428090415820643,0.0024944382578492965,3,15
official_code_lidargaitpp,train_video_count,len15_2videos_per_id,val,subject_macro,rank5,1.0,0.0,0.0,3,15
official_code_lidargaitpp,train_video_count,len15_2videos_per_id,val_c2_to_c3,query_micro,mAP,0.999652777860562,0.0004910462587493912,0.0012991862828796194,3,15
official_code_lidargaitpp,train_video_count,len15_2videos_per_id,val_c2_to_c3,query_micro,rank1,1.0,0.0,0.0,3,15
official_code_lidargaitpp,train_video_count,len15_2videos_per_id,val_c2_to_c3,query_micro,rank5,1.0,0.0,0.0,3,15
official_code_lidargaitpp,train_video_count,len15_2videos_per_id,val_c2_to_c3,subject_macro,mAP,0.999652777860562,0.0004910462587493912,0.0012991862828796194,3,15
official_code_lidargaitpp,train_video_count,len15_2videos_per_id,val_c2_to_c3,subject_macro,rank1,1.0,0.0,0.0,3,15
official_code_lidargaitpp,train_video_count,len15_2videos_per_id,val_c2_to_c3,subject_macro,rank5,1.0,0.0,0.0,3,15
official_code_lidargaitpp,train_video_count,len15_2videos_per_id,val_c3_to_c2,query_micro,mAP,0.9971150795618694,0.0024878070391196236,0.00801479775520522,3,15
official_code_lidargaitpp,train_video_count,len15_2videos_per_id,val_c3_to_c2,query_micro,rank1,0.9966666666666667,0.004714045207910321,0.012472191289246483,3,15
official_code_lidargaitpp,train_video_count,len15_2videos_per_id,val_c3_to_c2,query_micro,rank5,1.0,0.0,0.0,3,15
official_code_lidargaitpp,train_video_count,len15_2videos_per_id,val_c3_to_c2,subject_macro,mAP,0.9971150795618694,0.0024878070391196236,0.00801479775520522,3,15
official_code_lidargaitpp,train_video_count,len15_2videos_per_id,val_c3_to_c2,subject_macro,rank1,0.9966666666666667,0.004714045207910321,0.012472191289246483,3,15
official_code_lidargaitpp,train_video_count,len15_2videos_per_id,val_c3_to_c2,subject_macro,rank5,1.0,0.0,0.0,3,15
official_code_lidargaitpp,train_video_count,len15_4videos_per_id,diagnostic_fixed5_only_to_special,query_micro,mAP,0.6863207247716017,0.018137003795807925,0.04645267631813078,3,15
official_code_lidargaitpp,train_video_count,len15_4videos_per_id,diagnostic_fixed5_only_to_special,query_micro,rank1,0.6688524590163935,0.0380055508666994,0.08284706761820816,3,15
official_code_lidargaitpp,train_video_count,len15_4videos_per_id,diagnostic_fixed5_only_to_special,query_micro,rank5,0.7923497267759562,0.05005699203094028,0.10121745059950008,3,15
official_code_lidargaitpp,train_video_count,len15_4videos_per_id,diagnostic_fixed5_only_to_special,subject_macro,mAP,0.693000366874,0.01333379603427634,0.04633961173436797,3,15
official_code_lidargaitpp,train_video_count,len15_4videos_per_id,diagnostic_fixed5_only_to_special,subject_macro,rank1,0.6747683360509357,0.028044167857236568,0.07976940063078011,3,15
official_code_lidargaitpp,train_video_count,len15_4videos_per_id,diagnostic_fixed5_only_to_special,subject_macro,rank5,0.7982481015606803,0.04516745080822187,0.09529267038369872,3,15
official_code_lidargaitpp,train_video_count,len15_4videos_per_id,test_all_personal,query_micro,mAP,0.9807604535941743,0.0057496148035888735,0.019928947542196013,3,15
official_code_lidargaitpp,train_video_count,len15_4videos_per_id,test_all_personal,query_micro,rank1,0.9933331193960795,0.002854153901457649,0.011580957418452198,3,15
official_code_lidargaitpp,train_video_count,len15_4videos_per_id,test_all_personal,query_micro,rank5,0.9986366509991479,0.0005208889732497156,0.0022641978570359664,3,15
official_code_lidargaitpp,train_video_count,len15_4videos_per_id,test_all_personal,subject_macro,mAP,0.9807668936391954,0.005768668896047629,0.02005470871678647,3,15
official_code_lidargaitpp,train_video_count,len15_4videos_per_id,test_all_personal,subject_macro,rank1,0.9932962962962962,0.0028722216252357476,0.011638354830258742,3,15
official_code_lidargaitpp,train_video_count,len15_4videos_per_id,test_all_personal,subject_macro,rank5,0.9986296296296296,0.0005237828008789013,0.0022758950364055617,3,15
official_code_lidargaitpp,train_video_count,len15_4videos_per_id,test_fixed5_c4c5_normal,query_micro,mAP,0.684574592600602,0.019095362410087597,0.04364605149281144,3,15
official_code_lidargaitpp,train_video_count,len15_4videos_per_id,test_fixed5_c4c5_normal,query_micro,rank1,0.6502415458937197,0.0439020321400179,0.07978671967208552,3,15
official_code_lidargaitpp,train_video_count,len15_4videos_per_id,test_fixed5_c4c5_normal,query_micro,rank5,0.7922705314009661,0.059731716004149685,0.09812037007223408,3,15
official_code_lidargaitpp,train_video_count,len15_4videos_per_id,test_fixed5_c4c5_normal,subject_macro,mAP,0.6928922122149749,0.016942951340573737,0.043571377957127816,3,15
official_code_lidargaitpp,train_video_count,len15_4videos_per_id,test_fixed5_c4c5_normal,subject_macro,rank1,0.660440084835631,0.04078795869769704,0.07830080442373358,3,15
official_code_lidargaitpp,train_video_count,len15_4videos_per_id,test_fixed5_c4c5_normal,subject_macro,rank5,0.8030869565217391,0.05559810552864448,0.09362210705168125,3,15
official_code_lidargaitpp,train_video_count,len15_4videos_per_id,test_fixed5_c7,query_micro,mAP,0.6400063702038357,0.009005628866457975,0.05907905011677209,3,15
official_code_lidargaitpp,train_video_count,len15_4videos_per_id,test_fixed5_c7,query_micro,rank1,0.670952380952381,0.025881291888954595,0.07520795056152241,3,15
official_code_lidargaitpp,train_video_count,len15_4videos_per_id,test_fixed5_c7,query_micro,rank5,0.7785714285714285,0.02468853599393471,0.07876599286908698,3,15
official_code_lidargaitpp,train_video_count,len15_4videos_per_id,test_fixed5_c7,subject_macro,mAP,0.5157797760557797,0.014616685433200034,0.05816707096021321,3,15
official_code_lidargaitpp,train_video_count,len15_4videos_per_id,test_fixed5_c7,subject_macro,rank1,0.505,0.016425336120355828,0.09267688293004696,3,15
official_code_lidargaitpp,train_video_count,len15_4videos_per_id,test_fixed5_c7,subject_macro,rank5,0.6181944444444444,0.04144710670627065,0.13855752137071112,3,15
official_code_lidargaitpp,train_video_count,len15_4videos_per_id,test_fixed5_to_personal,query_micro,mAP,0.9913298993024102,0.0032270328455332904,0.008823438348270608,3,15
official_code_lidargaitpp,train_video_count,len15_4videos_per_id,test_fixed5_to_personal,query_micro,rank1,0.9986798679867986,0.0009334742985961031,0.0033656894479160327,3,15
official_code_lidargaitpp,train_video_count,len15_4videos_per_id,test_fixed5_to_personal,query_micro,rank5,0.9993399339933994,0.0009334742985961031,0.002469740849355739,3,15
official_code_lidargaitpp,train_video_count,len15_4videos_per_id,test_fixed5_to_personal,subject_macro,mAP,0.9913305047400414,0.0032668977309899755,0.008902012276327012,3,15
official_code_lidargaitpp,train_video_count,len15_4videos_per_id,test_fixed5_to_personal,subject_macro,rank1,0.9986666666666667,0.0009428090415820643,0.003399346342395193,3,15
official_code_lidargaitpp,train_video_count,len15_4videos_per_id,test_fixed5_to_personal,subject_macro,rank5,0.9993333333333334,0.0009428090415820643,0.0024944382578492965,3,15
official_code_lidargaitpp,train_video_count,len15_4videos_per_id,test_fixed5_to_special,query_micro,mAP,0.6419396881557925,0.017472330698402375,0.0400277408495464,3,15
official_code_lidargaitpp,train_video_count,len15_4videos_per_id,test_fixed5_to_special,query_micro,rank1,0.6234192037470726,0.029268071217572623,0.06638397651451786,3,15
official_code_lidargaitpp,train_video_count,len15_4videos_per_id,test_fixed5_to_special,query_micro,rank5,0.7590944574551132,0.05190452650289707,0.09431812744866158,3,15
official_code_lidargaitpp,train_video_count,len15_4videos_per_id,test_fixed5_to_special,subject_macro,mAP,0.6478282073944233,0.012895376216800229,0.041087560962084616,3,15
official_code_lidargaitpp,train_video_count,len15_4videos_per_id,test_fixed5_to_special,subject_macro,rank1,0.6285304371457411,0.01969892678386117,0.06429703216801604,3,15
official_code_lidargaitpp,train_video_count,len15_4videos_per_id,test_fixed5_to_special,subject_macro,rank5,0.7650086885627766,0.045754159636641284,0.09002629341764225,3,15
official_code_lidargaitpp,train_video_count,len15_4videos_per_id,test_general_to_personal,query_micro,mAP,0.970015578188343,0.009860343668653578,0.03494927072359713,3,15
official_code_lidargaitpp,train_video_count,len15_4videos_per_id,test_general_to_personal,query_micro,rank1,0.9878464052287582,0.005936052997671629,0.02371598460978087,3,15
official_code_lidargaitpp,train_video_count,len15_4videos_per_id,test_general_to_personal,query_micro,rank5,0.9978333333333333,0.0018408935028645216,0.00436526695123626,3,15
official_code_lidargaitpp,train_video_count,len15_4videos_per_id,test_general_to_personal,subject_macro,mAP,0.9700912033780055,0.009804634740703871,0.03494692456392571,3,15
official_code_lidargaitpp,train_video_count,len15_4videos_per_id,test_general_to_personal,subject_macro,rank1,0.9878333333333335,0.005948856099191631,0.023714739907679548,3,15
official_code_lidargaitpp,train_video_count,len15_4videos_per_id,test_general_to_personal,subject_macro,rank5,0.9978333333333333,0.0018408935028645216,0.00436526695123626,3,15
official_code_lidargaitpp,train_video_count,len15_4videos_per_id,test_mixed_c2_to_c3,query_micro,mAP,0.9906180139934575,0.0033718387851863125,0.010575534756744429,3,15
official_code_lidargaitpp,train_video_count,len15_4videos_per_id,test_mixed_c2_to_c3,query_micro,rank1,0.9983333333333334,0.002357022603955213,0.006236095644623242,3,15
official_code_lidargaitpp,train_video_count,len15_4videos_per_id,test_mixed_c2_to_c3,query_micro,rank5,1.0,0.0,0.0,3,15
official_code_lidargaitpp,train_video_count,len15_4videos_per_id,test_mixed_c2_to_c3,subject_macro,mAP,0.9906180139934575,0.0033718387851863125,0.010575534756744429,3,15
official_code_lidargaitpp,train_video_count,len15_4videos_per_id,test_mixed_c2_to_c3,subject_macro,rank1,0.9983333333333334,0.002357022603955213,0.006236095644623242,3,15
official_code_lidargaitpp,train_video_count,len15_4videos_per_id,test_mixed_c2_to_c3,subject_macro,rank5,1.0,0.0,0.0,3,15
official_code_lidargaitpp,train_video_count,len15_4videos_per_id,test_mixed_c3_to_c2,query_micro,mAP,0.9823640877505143,0.002084686075369548,0.021078139020434997,3,15
official_code_lidargaitpp,train_video_count,len15_4videos_per_id,test_mixed_c3_to_c2,query_micro,rank1,0.9783333333333334,0.008498365855987983,0.032744804507314165,3,15
official_code_lidargaitpp,train_video_count,len15_4videos_per_id,test_mixed_c3_to_c2,query_micro,rank5,1.0,0.0,0.0,3,15
official_code_lidargaitpp,train_video_count,len15_4videos_per_id,test_mixed_c3_to_c2,subject_macro,mAP,0.9823640877505143,0.002084686075369548,0.021078139020434997,3,15
official_code_lidargaitpp,train_video_count,len15_4videos_per_id,test_mixed_c3_to_c2,subject_macro,rank1,0.9783333333333334,0.008498365855987983,0.032744804507314165,3,15
official_code_lidargaitpp,train_video_count,len15_4videos_per_id,test_mixed_c3_to_c2,subject_macro,rank5,1.0,0.0,0.0,3,15
official_code_lidargaitpp,train_video_count,len15_4videos_per_id,test_query_micro_overall,query_micro,mAP,0.7487908408832085,0.010376017619875893,0.03009898447213327,3,15
official_code_lidargaitpp,train_video_count,len15_4videos_per_id,test_query_micro_overall,query_micro,rank1,0.740073735737078,0.019396622595777506,0.04742366742730717,3,15
official_code_lidargaitpp,train_video_count,len15_4videos_per_id,test_query_micro_overall,query_micro,rank5,0.8346035160441798,0.035574611588279306,0.06503920936332035,3,15
official_code_lidargaitpp,train_video_count,len15_4videos_per_id,test_query_micro_overall,subject_macro,mAP,0.8387716716862575,0.0035347536885115666,0.027939643009241708,3,15
official_code_lidargaitpp,train_video_count,len15_4videos_per_id,test_query_micro_overall,subject_macro,rank1,0.8404897274959366,0.007508371640309479,0.03402700737021183,3,15
official_code_lidargaitpp,train_video_count,len15_4videos_per_id,test_query_micro_overall,subject_macro,rank5,0.9016812878237715,0.019314326262152206,0.03900196939930907,3,15
official_code_lidargaitpp,train_video_count,len15_4videos_per_id,val,query_micro,mAP,0.9955133855243524,0.0015146131921144358,0.009551406216459484,3,15
official_code_lidargaitpp,train_video_count,len15_4videos_per_id,val,query_micro,rank1,0.9986666666666667,0.0009428090415820643,0.003399346342395193,3,15
official_code_lidargaitpp,train_video_count,len15_4videos_per_id,val,query_micro,rank5,1.0,0.0,0.0,3,15
official_code_lidargaitpp,train_video_count,len15_4videos_per_id,val,subject_macro,mAP,0.9955133855243524,0.0015146131921144358,0.009551406216459507,3,15
official_code_lidargaitpp,train_video_count,len15_4videos_per_id,val,subject_macro,rank1,0.9986666666666667,0.0009428090415820643,0.003399346342395193,3,15
official_code_lidargaitpp,train_video_count,len15_4videos_per_id,val,subject_macro,rank5,1.0,0.0,0.0,3,15
official_code_lidargaitpp,train_video_count,len15_4videos_per_id,val_c2_to_c3,query_micro,mAP,1.0,0.0,0.0,3,15
official_code_lidargaitpp,train_video_count,len15_4videos_per_id,val_c2_to_c3,query_micro,rank1,1.0,0.0,0.0,3,15
official_code_lidargaitpp,train_video_count,len15_4videos_per_id,val_c2_to_c3,query_micro,rank5,1.0,0.0,0.0,3,15
official_code_lidargaitpp,train_video_count,len15_4videos_per_id,val_c2_to_c3,subject_macro,mAP,1.0,0.0,0.0,3,15
official_code_lidargaitpp,train_video_count,len15_4videos_per_id,val_c2_to_c3,subject_macro,rank1,1.0,0.0,0.0,3,15
official_code_lidargaitpp,train_video_count,len15_4videos_per_id,val_c2_to_c3,subject_macro,rank5,1.0,0.0,0.0,3,15
official_code_lidargaitpp,train_video_count,len15_4videos_per_id,val_c3_to_c2,query_micro,mAP,0.9998333332935969,0.0002357023165912971,0.0006236097131424409,3,15
official_code_lidargaitpp,train_video_count,len15_4videos_per_id,val_c3_to_c2,query_micro,rank1,1.0,0.0,0.0,3,15
official_code_lidargaitpp,train_video_count,len15_4videos_per_id,val_c3_to_c2,query_micro,rank5,1.0,0.0,0.0,3,15
official_code_lidargaitpp,train_video_count,len15_4videos_per_id,val_c3_to_c2,subject_macro,mAP,0.9998333332935969,0.0002357023165912971,0.0006236097131424409,3,15
official_code_lidargaitpp,train_video_count,len15_4videos_per_id,val_c3_to_c2,subject_macro,rank1,1.0,0.0,0.0,3,15
official_code_lidargaitpp,train_video_count,len15_4videos_per_id,val_c3_to_c2,subject_macro,rank5,1.0,0.0,0.0,3,15
official_code_lidargaitpp,train_video_count,len15_8videos_per_id,diagnostic_fixed5_only_to_special,query_micro,mAP,0.6975290683030524,0.007855216763126782,0.06766362497744749,3,15
official_code_lidargaitpp,train_video_count,len15_8videos_per_id,diagnostic_fixed5_only_to_special,query_micro,rank1,0.6602654176424668,0.013474128968238212,0.09893319360379195,3,15
official_code_lidargaitpp,train_video_count,len15_8videos_per_id,diagnostic_fixed5_only_to_special,query_micro,rank5,0.7772053083528494,0.012311365498027402,0.08774700587242963,3,15
official_code_lidargaitpp,train_video_count,len15_8videos_per_id,diagnostic_fixed5_only_to_special,subject_macro,mAP,0.6988536620115854,0.008199830270159834,0.06289388036063571,3,15
official_code_lidargaitpp,train_video_count,len15_8videos_per_id,diagnostic_fixed5_only_to_special,subject_macro,rank1,0.6610667908999146,0.014003975484619626,0.09106817897723457,3,15
official_code_lidargaitpp,train_video_count,len15_8videos_per_id,diagnostic_fixed5_only_to_special,subject_macro,rank5,0.7757023604317106,0.013525401117257536,0.08528031550363595,3,15
official_code_lidargaitpp,train_video_count,len15_8videos_per_id,test_all_personal,query_micro,mAP,0.9828486455893124,0.004186182222619176,0.020975364498830293,3,15
official_code_lidargaitpp,train_video_count,len15_8videos_per_id,test_all_personal,query_micro,rank1,0.9943045660393385,0.0017888604443738816,0.006809253978648521,3,15
official_code_lidargaitpp,train_video_count,len15_8videos_per_id,test_all_personal,query_micro,rank5,0.9993366500829187,0.0009381184493354135,0.0024820281172629683,3,15
official_code_lidargaitpp,train_video_count,len15_8videos_per_id,test_all_personal,subject_macro,mAP,0.9829619640314572,0.004179021063606538,0.021030230217246485,3,15
official_code_lidargaitpp,train_video_count,len15_8videos_per_id,test_all_personal,subject_macro,rank1,0.9943660413660412,0.001754109108970282,0.006811436517556659,3,15
official_code_lidargaitpp,train_video_count,len15_8videos_per_id,test_all_personal,subject_macro,rank5,0.9993333333333334,0.0009428090415820643,0.0024944382578492965,3,15
official_code_lidargaitpp,train_video_count,len15_8videos_per_id,test_fixed5_c4c5_normal,query_micro,mAP,0.700529613925351,0.009163594025878456,0.07086888504058383,3,15
official_code_lidargaitpp,train_video_count,len15_8videos_per_id,test_fixed5_c4c5_normal,query_micro,rank1,0.663768115942029,0.023521493895665324,0.09388732807640489,3,15
official_code_lidargaitpp,train_video_count,len15_8videos_per_id,test_fixed5_c4c5_normal,query_micro,rank5,0.7806763285024155,0.004926588902022061,0.0827916535802797,3,15
official_code_lidargaitpp,train_video_count,len15_8videos_per_id,test_fixed5_c4c5_normal,subject_macro,mAP,0.7068640789216948,0.009625478683662498,0.06903438356931381,3,15
official_code_lidargaitpp,train_video_count,len15_8videos_per_id,test_fixed5_c4c5_normal,subject_macro,rank1,0.671953693884765,0.02431726198599461,0.09207388962856716,3,15
official_code_lidargaitpp,train_video_count,len15_8videos_per_id,test_fixed5_c4c5_normal,subject_macro,rank5,0.7891739130434784,0.004593494207672068,0.07926196267541047,3,15
official_code_lidargaitpp,train_video_count,len15_8videos_per_id,test_fixed5_c7,query_micro,mAP,0.6522803026828028,0.003748429503330441,0.05987210104677469,3,15
official_code_lidargaitpp,train_video_count,len15_8videos_per_id,test_fixed5_c7,query_micro,rank1,0.6476190476190476,0.02800226748188413,0.07088683453687009,3,15
official_code_lidargaitpp,train_video_count,len15_8videos_per_id,test_fixed5_c7,query_micro,rank5,0.7647619047619049,0.015223207012519837,0.06512503237058576,3,15
official_code_lidargaitpp,train_video_count,len15_8videos_per_id,test_fixed5_c7,subject_macro,mAP,0.5280696260101265,0.005146752912630357,0.0722600998724995,3,15
official_code_lidargaitpp,train_video_count,len15_8videos_per_id,test_fixed5_c7,subject_macro,rank1,0.4795833333333333,0.028412878535387192,0.08283601605313691,3,15
official_code_lidargaitpp,train_video_count,len15_8videos_per_id,test_fixed5_c7,subject_macro,rank5,0.5955555555555556,0.02505164418842024,0.12014137762354796,3,15
official_code_lidargaitpp,train_video_count,len15_8videos_per_id,test_fixed5_to_personal,query_micro,mAP,0.9952436906669794,0.0018594950405308992,0.00576513625434548,3,15
official_code_lidargaitpp,train_video_count,len15_8videos_per_id,test_fixed5_to_personal,query_micro,rank1,0.9973597359735974,0.0018669485971922063,0.005678102486496788,3,15
official_code_lidargaitpp,train_video_count,len15_8videos_per_id,test_fixed5_to_personal,query_micro,rank5,1.0,0.0,0.0,3,15
official_code_lidargaitpp,train_video_count,len15_8videos_per_id,test_fixed5_to_personal,subject_macro,mAP,0.9952539194368182,0.0018908745457066737,0.005793300558697968,3,15
official_code_lidargaitpp,train_video_count,len15_8videos_per_id,test_fixed5_to_personal,subject_macro,rank1,0.9973650793650793,0.0018635758884366826,0.005695383197882551,3,15
official_code_lidargaitpp,train_video_count,len15_8videos_per_id,test_fixed5_to_personal,subject_macro,rank5,1.0,0.0,0.0,3,15
official_code_lidargaitpp,train_video_count,len15_8videos_per_id,test_fixed5_to_special,query_micro,mAP,0.6596231108166388,0.0027902135341083536,0.06811852319261742,3,15
official_code_lidargaitpp,train_video_count,len15_8videos_per_id,test_fixed5_to_special,query_micro,rank1,0.6304449648711944,0.015340323321863072,0.07941470062050804,3,15
official_code_lidargaitpp,train_video_count,len15_8videos_per_id,test_fixed5_to_special,query_micro,rank5,0.7530054644808742,0.010607517721444526,0.09002591570119894,3,15
official_code_lidargaitpp,train_video_count,len15_8videos_per_id,test_fixed5_to_special,subject_macro,mAP,0.6590345614748138,0.0024450454086226087,0.06441302921314845,3,15
official_code_lidargaitpp,train_video_count,len15_8videos_per_id,test_fixed5_to_special,subject_macro,rank1,0.6293248233558507,0.012293072900029952,0.07406582489241278,3,15
official_code_lidargaitpp,train_video_count,len15_8videos_per_id,test_fixed5_to_special,subject_macro,rank5,0.7508161969096979,0.011417253446307757,0.08685274170427959,3,15
official_code_lidargaitpp,train_video_count,len15_8videos_per_id,test_general_to_personal,query_micro,mAP,0.9704603744421908,0.006395188970376764,0.0393938064332928,3,15
official_code_lidargaitpp,train_video_count,len15_8videos_per_id,test_general_to_personal,query_micro,rank1,0.9913856209150328,0.0024769775940899214,0.012552790827673766,3,15
official_code_lidargaitpp,train_video_count,len15_8videos_per_id,test_general_to_personal,query_micro,rank5,0.9986666666666667,0.001885618083164076,0.004988876515698593,3,15
official_code_lidargaitpp,train_video_count,len15_8videos_per_id,test_general_to_personal,subject_macro,mAP,0.970735827967976,0.006328396536659494,0.03934302991690395,3,15
official_code_lidargaitpp,train_video_count,len15_8videos_per_id,test_general_to_personal,subject_macro,rank1,0.9915151515151516,0.0023488269545546892,0.012472191289246475,3,15
official_code_lidargaitpp,train_video_count,len15_8videos_per_id,test_general_to_personal,subject_macro,rank5,0.9986666666666667,0.001885618083164076,0.004988876515698565,3,15
official_code_lidargaitpp,train_video_count,len15_8videos_per_id,test_mixed_c2_to_c3,query_micro,mAP,0.9983373016119003,0.0007011705627552796,0.002764230309386061,3,15
official_code_lidargaitpp,train_video_count,len15_8videos_per_id,test_mixed_c2_to_c3,query_micro,rank1,1.0,0.0,0.0,3,15
official_code_lidargaitpp,train_video_count,len15_8videos_per_id,test_mixed_c2_to_c3,query_micro,rank5,1.0,0.0,0.0,3,15
official_code_lidargaitpp,train_video_count,len15_8videos_per_id,test_mixed_c2_to_c3,subject_macro,mAP,0.9983373016119003,0.0007011705627552796,0.002764230309386061,3,15
official_code_lidargaitpp,train_video_count,len15_8videos_per_id,test_mixed_c2_to_c3,subject_macro,rank1,1.0,0.0,0.0,3,15
official_code_lidargaitpp,train_video_count,len15_8videos_per_id,test_mixed_c2_to_c3,subject_macro,rank5,1.0,0.0,0.0,3,15
official_code_lidargaitpp,train_video_count,len15_8videos_per_id,test_mixed_c3_to_c2,query_micro,mAP,0.9913144842286905,0.002289632858130995,0.014106838888051736,3,15
official_code_lidargaitpp,train_video_count,len15_8videos_per_id,test_mixed_c3_to_c2,query_micro,rank1,0.9916666666666667,0.006236095644623242,0.021730674684008827,3,15
official_code_lidargaitpp,train_video_count,len15_8videos_per_id,test_mixed_c3_to_c2,query_micro,rank5,1.0,0.0,0.0,3,15
official_code_lidargaitpp,train_video_count,len15_8videos_per_id,test_mixed_c3_to_c2,subject_macro,mAP,0.9913144842286905,0.002289632858130995,0.014106838888051736,3,15
official_code_lidargaitpp,train_video_count,len15_8videos_per_id,test_mixed_c3_to_c2,subject_macro,rank1,0.9916666666666667,0.006236095644623242,0.021730674684008827,3,15
official_code_lidargaitpp,train_video_count,len15_8videos_per_id,test_mixed_c3_to_c2,subject_macro,rank5,1.0,0.0,0.0,3,15
official_code_lidargaitpp,train_video_count,len15_8videos_per_id,test_query_micro_overall,query_micro,mAP,0.7616489903164204,0.0028089105974718866,0.05076085008024746,3,15
official_code_lidargaitpp,train_video_count,len15_8videos_per_id,test_query_micro_overall,query_micro,rank1,0.7452816954807401,0.01001052185479304,0.05557540077271065,3,15
official_code_lidargaitpp,train_video_count,len15_8videos_per_id,test_query_micro_overall,query_micro,rank5,0.8307223539208956,0.006872129415945913,0.061762784986199394,3,15
official_code_lidargaitpp,train_video_count,len15_8videos_per_id,test_query_micro_overall,subject_macro,mAP,0.8447901123016814,0.004415214056436045,0.04074514572855466,3,15
official_code_lidargaitpp,train_video_count,len15_8videos_per_id,test_query_micro_overall,subject_macro,rank1,0.8431168194550547,0.004824295021638357,0.03444541101361467,3,15
official_code_lidargaitpp,train_video_count,len15_8videos_per_id,test_query_micro_overall,subject_macro,rank5,0.8970756873119617,0.00374259930441742,0.036864144712720384,3,15
official_code_lidargaitpp,train_video_count,len15_8videos_per_id,val,query_micro,mAP,0.9945893179972968,0.0001431256779397672,0.010826095498190478,3,15
official_code_lidargaitpp,train_video_count,len15_8videos_per_id,val,query_micro,rank1,0.9986666666666667,0.0009428090415820643,0.003399346342395193,3,15
official_code_lidargaitpp,train_video_count,len15_8videos_per_id,val,query_micro,rank5,1.0,0.0,0.0,3,15
official_code_lidargaitpp,train_video_count,len15_8videos_per_id,val,subject_macro,mAP,0.9945893179972968,0.0001431256779397672,0.010826095498190462,3,15
official_code_lidargaitpp,train_video_count,len15_8videos_per_id,val,subject_macro,rank1,0.9986666666666667,0.0009428090415820643,0.003399346342395193,3,15
official_code_lidargaitpp,train_video_count,len15_8videos_per_id,val,subject_macro,rank5,1.0,0.0,0.0,3,15
official_code_lidargaitpp,train_video_count,len15_8videos_per_id,val_c2_to_c3,query_micro,mAP,0.999791666616996,0.0002946278957391214,0.0007795121414280373,3,15
official_code_lidargaitpp,train_video_count,len15_8videos_per_id,val_c2_to_c3,query_micro,rank1,1.0,0.0,0.0,3,15
official_code_lidargaitpp,train_video_count,len15_8videos_per_id,val_c2_to_c3,query_micro,rank5,1.0,0.0,0.0,3,15
official_code_lidargaitpp,train_video_count,len15_8videos_per_id,val_c2_to_c3,subject_macro,mAP,0.999791666616996,0.0002946278957391214,0.0007795121414280373,3,15
official_code_lidargaitpp,train_video_count,len15_8videos_per_id,val_c2_to_c3,subject_macro,rank1,1.0,0.0,0.0,3,15
official_code_lidargaitpp,train_video_count,len15_8videos_per_id,val_c2_to_c3,subject_macro,rank5,1.0,0.0,0.0,3,15
official_code_lidargaitpp,train_video_count,len15_8videos_per_id,val_c3_to_c2,query_micro,mAP,0.9980039681990941,0.0024776844774501688,0.006828702193674743,3,15
official_code_lidargaitpp,train_video_count,len15_8videos_per_id,val_c3_to_c2,query_micro,rank1,0.9966666666666667,0.004714045207910321,0.012472191289246483,3,15
official_code_lidargaitpp,train_video_count,len15_8videos_per_id,val_c3_to_c2,query_micro,rank5,1.0,0.0,0.0,3,15
official_code_lidargaitpp,train_video_count,len15_8videos_per_id,val_c3_to_c2,subject_macro,mAP,0.9980039681990941,0.0024776844774501688,0.006828702193674743,3,15
official_code_lidargaitpp,train_video_count,len15_8videos_per_id,val_c3_to_c2,subject_macro,rank1,0.9966666666666667,0.004714045207910321,0.012472191289246483,3,15
official_code_lidargaitpp,train_video_count,len15_8videos_per_id,val_c3_to_c2,subject_macro,rank5,1.0,0.0,0.0,3,15
