method,suite,setting,pair,aggregation,metric,mean_of_seed_split_means,seed_std,pooled_split_std,num_seeds,num_runs
pointnet_tmax,clip_length,len1_c2c3_full,diagnostic_fixed5_only_to_special,query_micro,mAP,0.6249583053784292,0.0,0.012843287005315559,1,5
pointnet_tmax,clip_length,len1_c2c3_full,diagnostic_fixed5_only_to_special,query_micro,rank1,0.6829039812646369,0.0,0.020555604925050746,1,5
pointnet_tmax,clip_length,len1_c2c3_full,diagnostic_fixed5_only_to_special,query_micro,rank5,0.8032786885245902,0.0,0.03335078804481105,1,5
pointnet_tmax,clip_length,len1_c2c3_full,diagnostic_fixed5_only_to_special,subject_macro,mAP,0.5880320654391351,0.0,0.010816471681955368,1,5
pointnet_tmax,clip_length,len1_c2c3_full,diagnostic_fixed5_only_to_special,subject_macro,rank1,0.6342798742138365,0.0,0.027903605997162684,1,5
pointnet_tmax,clip_length,len1_c2c3_full,diagnostic_fixed5_only_to_special,subject_macro,rank5,0.7676135802469136,0.0,0.04311315145851268,1,5
pointnet_tmax,clip_length,len1_c2c3_full,test_all_personal,query_micro,mAP,0.609070580146225,0.0,0.0519734506921763,1,5
pointnet_tmax,clip_length,len1_c2c3_full,test_all_personal,query_micro,rank1,0.7317804738385204,0.0,0.05623718827741294,1,5
pointnet_tmax,clip_length,len1_c2c3_full,test_all_personal,query_micro,rank5,0.864991510888526,0.0,0.020956001789392213,1,5
pointnet_tmax,clip_length,len1_c2c3_full,test_all_personal,subject_macro,mAP,0.6122148973896289,0.0,0.051091817027971664,1,5
pointnet_tmax,clip_length,len1_c2c3_full,test_all_personal,subject_macro,rank1,0.7363092833092832,0.0,0.05485318218670379,1,5
pointnet_tmax,clip_length,len1_c2c3_full,test_all_personal,subject_macro,rank5,0.8691279461279461,0.0,0.020459441917129183,1,5
pointnet_tmax,clip_length,len1_c2c3_full,test_fixed5_c4c5_normal,query_micro,mAP,0.5138200318323818,0.0,0.06321408787642308,1,5
pointnet_tmax,clip_length,len1_c2c3_full,test_fixed5_c4c5_normal,query_micro,rank1,0.5768115942028985,0.0,0.07906192288107744,1,5
pointnet_tmax,clip_length,len1_c2c3_full,test_fixed5_c4c5_normal,query_micro,rank5,0.7130434782608696,0.0,0.060999784029621626,1,5
pointnet_tmax,clip_length,len1_c2c3_full,test_fixed5_c4c5_normal,subject_macro,mAP,0.5106803030268716,0.0,0.06502080908458299,1,5
pointnet_tmax,clip_length,len1_c2c3_full,test_fixed5_c4c5_normal,subject_macro,rank1,0.5681092258748675,0.0,0.08160989693805772,1,5
pointnet_tmax,clip_length,len1_c2c3_full,test_fixed5_c4c5_normal,subject_macro,rank5,0.7075450689289501,0.0,0.06286924069372106,1,5
pointnet_tmax,clip_length,len1_c2c3_full,test_fixed5_c7,query_micro,mAP,0.5045227210223675,0.0,0.021814014003187353,1,5
pointnet_tmax,clip_length,len1_c2c3_full,test_fixed5_c7,query_micro,rank1,0.54,0.0,0.054697684911647546,1,5
pointnet_tmax,clip_length,len1_c2c3_full,test_fixed5_c7,query_micro,rank5,0.6557142857142857,0.0,0.08136589066227508,1,5
pointnet_tmax,clip_length,len1_c2c3_full,test_fixed5_c7,subject_macro,mAP,0.4509835682064295,0.0,0.023328387657075365,1,5
pointnet_tmax,clip_length,len1_c2c3_full,test_fixed5_c7,subject_macro,rank1,0.4920833333333333,0.0,0.05012830759383584,1,5
pointnet_tmax,clip_length,len1_c2c3_full,test_fixed5_c7,subject_macro,rank5,0.6025,0.0,0.08343119254145234,1,5
pointnet_tmax,clip_length,len1_c2c3_full,test_fixed5_to_personal,query_micro,mAP,0.5744495452483102,0.0,0.04052487923056032,1,5
pointnet_tmax,clip_length,len1_c2c3_full,test_fixed5_to_personal,query_micro,rank1,0.6653465346534653,0.0,0.06549637785560883,1,5
pointnet_tmax,clip_length,len1_c2c3_full,test_fixed5_to_personal,query_micro,rank5,0.805940594059406,0.0,0.028421188305757048,1,5
pointnet_tmax,clip_length,len1_c2c3_full,test_fixed5_to_personal,subject_macro,mAP,0.579023088121698,0.0,0.040845100364933155,1,5
pointnet_tmax,clip_length,len1_c2c3_full,test_fixed5_to_personal,subject_macro,rank1,0.6716190476190476,0.0,0.06613502301988919,1,5
pointnet_tmax,clip_length,len1_c2c3_full,test_fixed5_to_personal,subject_macro,rank5,0.8119047619047619,0.0,0.027979584393931646,1,5
pointnet_tmax,clip_length,len1_c2c3_full,test_fixed5_to_special,query_micro,mAP,0.5319169777443313,0.0,0.05128903476772917,1,5
pointnet_tmax,clip_length,len1_c2c3_full,test_fixed5_to_special,query_micro,rank1,0.6051522248243559,0.0,0.07162754947526652,1,5
pointnet_tmax,clip_length,len1_c2c3_full,test_fixed5_to_special,query_micro,rank5,0.7442622950819672,0.0,0.05558596233872337,1,5
pointnet_tmax,clip_length,len1_c2c3_full,test_fixed5_to_special,subject_macro,mAP,0.49500779170620846,0.0,0.05647060675009516,1,5
pointnet_tmax,clip_length,len1_c2c3_full,test_fixed5_to_special,subject_macro,rank1,0.5538060330771023,0.0,0.07972637794297059,1,5
pointnet_tmax,clip_length,len1_c2c3_full,test_fixed5_to_special,subject_macro,rank5,0.7037526904262753,0.0,0.06746373253965506,1,5
pointnet_tmax,clip_length,len1_c2c3_full,test_general_to_personal,query_micro,mAP,0.6447153784340504,0.0,0.06921902726803725,1,5
pointnet_tmax,clip_length,len1_c2c3_full,test_general_to_personal,query_micro,rank1,0.7998725490196078,0.0,0.07529202151902535,1,5
pointnet_tmax,clip_length,len1_c2c3_full,test_general_to_personal,query_micro,rank5,0.9280098039215687,0.0,0.04119966200314506,1,5
pointnet_tmax,clip_length,len1_c2c3_full,test_general_to_personal,subject_macro,mAP,0.6459834883402695,0.0,0.0669162342628871,1,5
pointnet_tmax,clip_length,len1_c2c3_full,test_general_to_personal,subject_macro,rank1,0.8019545454545455,0.0,0.07134939058737699,1,5
pointnet_tmax,clip_length,len1_c2c3_full,test_general_to_personal,subject_macro,rank5,0.9296818181818182,0.0,0.03902732672634599,1,5
pointnet_tmax,clip_length,len1_c2c3_full,test_mixed_c2_to_c3,query_micro,mAP,0.6858866415338384,0.0,0.09325905352026286,1,5
pointnet_tmax,clip_length,len1_c2c3_full,test_mixed_c2_to_c3,query_micro,rank1,0.7544444444444445,0.0,0.09156728619564178,1,5
pointnet_tmax,clip_length,len1_c2c3_full,test_mixed_c2_to_c3,query_micro,rank5,0.9494444444444443,0.0,0.031200269071331024,1,5
pointnet_tmax,clip_length,len1_c2c3_full,test_mixed_c2_to_c3,subject_macro,mAP,0.6858866415338384,0.0,0.09325905352026286,1,5
pointnet_tmax,clip_length,len1_c2c3_full,test_mixed_c2_to_c3,subject_macro,rank1,0.7544444444444445,0.0,0.09156728619564178,1,5
pointnet_tmax,clip_length,len1_c2c3_full,test_mixed_c2_to_c3,subject_macro,rank5,0.9494444444444443,0.0,0.031200269071331024,1,5
pointnet_tmax,clip_length,len1_c2c3_full,test_mixed_c3_to_c2,query_micro,mAP,0.6560918159493141,0.0,0.0737466315797834,1,5
pointnet_tmax,clip_length,len1_c2c3_full,test_mixed_c3_to_c2,query_micro,rank1,0.72,0.0,0.08276472678623426,1,5
pointnet_tmax,clip_length,len1_c2c3_full,test_mixed_c3_to_c2,query_micro,rank5,0.8722222222222221,0.0,0.016759003476664848,1,5
pointnet_tmax,clip_length,len1_c2c3_full,test_mixed_c3_to_c2,subject_macro,mAP,0.6560918159493141,0.0,0.0737466315797834,1,5
pointnet_tmax,clip_length,len1_c2c3_full,test_mixed_c3_to_c2,subject_macro,rank1,0.72,0.0,0.08276472678623426,1,5
pointnet_tmax,clip_length,len1_c2c3_full,test_mixed_c3_to_c2,subject_macro,rank5,0.8722222222222221,0.0,0.016759003476664848,1,5
pointnet_tmax,clip_length,len1_c2c3_full,test_query_micro_overall,query_micro,mAP,0.5564183253056809,0.0,0.048744441722371745,1,5
pointnet_tmax,clip_length,len1_c2c3_full,test_query_micro_overall,query_micro,rank1,0.6453235131352798,0.0,0.06329727615804373,1,5
pointnet_tmax,clip_length,len1_c2c3_full,test_query_micro_overall,query_micro,rank5,0.7826938830622203,0.0,0.042523669162936546,1,5
pointnet_tmax,clip_length,len1_c2c3_full,test_query_micro_overall,subject_macro,mAP,0.5792344461623518,0.0,0.05454164357978162,1,5
pointnet_tmax,clip_length,len1_c2c3_full,test_query_micro_overall,subject_macro,rank1,0.6906622711710947,0.0,0.05942545740432282,1,5
pointnet_tmax,clip_length,len1_c2c3_full,test_query_micro_overall,subject_macro,rank5,0.8277192004074356,0.0,0.038210894806232854,1,5
pointnet_tmax,clip_length,len1_c2c3_full,val,query_micro,mAP,0.8171035343952038,0.0,0.06276835736016953,1,5
pointnet_tmax,clip_length,len1_c2c3_full,val,query_micro,rank1,0.9040196078431372,0.0,0.0833532617463312,1,5
pointnet_tmax,clip_length,len1_c2c3_full,val,query_micro,rank5,0.9703137254901961,0.0,0.02773123051206326,1,5
pointnet_tmax,clip_length,len1_c2c3_full,val,subject_macro,mAP,0.818555521848527,0.0,0.060232582816537365,1,5
pointnet_tmax,clip_length,len1_c2c3_full,val,subject_macro,rank1,0.9055454545454544,0.0,0.08044935781939917,1,5
pointnet_tmax,clip_length,len1_c2c3_full,val,subject_macro,rank5,0.9712727272727273,0.0,0.02606159265222001,1,5
pointnet_tmax,clip_length,len1_c2c3_full,val_c2_to_c3,query_micro,mAP,0.8727348955720663,0.0,0.07804475328419126,1,5
pointnet_tmax,clip_length,len1_c2c3_full,val_c2_to_c3,query_micro,rank1,0.925,0.0,0.07745966692414832,1,5
pointnet_tmax,clip_length,len1_c2c3_full,val_c2_to_c3,query_micro,rank5,0.9875,0.0,0.025,1,5
pointnet_tmax,clip_length,len1_c2c3_full,val_c2_to_c3,subject_macro,mAP,0.8727348955720663,0.0,0.07804475328419126,1,5
pointnet_tmax,clip_length,len1_c2c3_full,val_c2_to_c3,subject_macro,rank1,0.925,0.0,0.07745966692414832,1,5
pointnet_tmax,clip_length,len1_c2c3_full,val_c2_to_c3,subject_macro,rank5,0.9875,0.0,0.025,1,5
pointnet_tmax,clip_length,len1_c2c3_full,val_c3_to_c2,query_micro,mAP,0.8746907231211661,0.0,0.0636925486544915,1,5
pointnet_tmax,clip_length,len1_c2c3_full,val_c3_to_c2,query_micro,rank1,0.8975,0.0,0.08817596044274198,1,5
pointnet_tmax,clip_length,len1_c2c3_full,val_c3_to_c2,query_micro,rank5,0.99,0.0,0.020000000000000018,1,5
pointnet_tmax,clip_length,len1_c2c3_full,val_c3_to_c2,subject_macro,mAP,0.8746907231211661,0.0,0.0636925486544915,1,5
pointnet_tmax,clip_length,len1_c2c3_full,val_c3_to_c2,subject_macro,rank1,0.8975,0.0,0.08817596044274198,1,5
pointnet_tmax,clip_length,len1_c2c3_full,val_c3_to_c2,subject_macro,rank5,0.99,0.0,0.020000000000000018,1,5
pointnet_tmax,clip_length,len30_c2c3_full,diagnostic_fixed5_only_to_special,query_micro,mAP,0.8290146753087256,0.0,0.05931926765852876,1,5
pointnet_tmax,clip_length,len30_c2c3_full,diagnostic_fixed5_only_to_special,query_micro,rank1,0.8318501170960187,0.0,0.10538537600318673,1,5
pointnet_tmax,clip_length,len30_c2c3_full,diagnostic_fixed5_only_to_special,query_micro,rank5,0.9367681498829039,0.0,0.041286933716232335,1,5
pointnet_tmax,clip_length,len30_c2c3_full,diagnostic_fixed5_only_to_special,subject_macro,mAP,0.803093276802224,0.0,0.06477794371745645,1,5
pointnet_tmax,clip_length,len30_c2c3_full,diagnostic_fixed5_only_to_special,subject_macro,rank1,0.7984430701141394,0.0,0.10228947158964474,1,5
pointnet_tmax,clip_length,len30_c2c3_full,diagnostic_fixed5_only_to_special,subject_macro,rank5,0.9127477987421383,0.0,0.05675967504492998,1,5
pointnet_tmax,clip_length,len30_c2c3_full,test_all_personal,query_micro,mAP,0.794055039367499,0.0,0.03723326522770586,1,5
pointnet_tmax,clip_length,len30_c2c3_full,test_all_personal,query_micro,rank1,0.8463408402290862,0.0,0.02551600089598663,1,5
pointnet_tmax,clip_length,len30_c2c3_full,test_all_personal,query_micro,rank5,0.9390869726700574,0.0,0.010829367206359958,1,5
pointnet_tmax,clip_length,len30_c2c3_full,test_all_personal,subject_macro,mAP,0.794179519580678,0.0,0.03689633747192474,1,5
pointnet_tmax,clip_length,len30_c2c3_full,test_all_personal,subject_macro,rank1,0.8461226551226553,0.0,0.02533599916207294,1,5
pointnet_tmax,clip_length,len30_c2c3_full,test_all_personal,subject_macro,rank5,0.9388051948051949,0.0,0.010925907810308423,1,5
pointnet_tmax,clip_length,len30_c2c3_full,test_fixed5_c4c5_normal,query_micro,mAP,0.7145330470037345,0.0,0.09236964603047355,1,5
pointnet_tmax,clip_length,len30_c2c3_full,test_fixed5_c4c5_normal,query_micro,rank1,0.6956521739130436,0.0,0.14255710416172387,1,5
pointnet_tmax,clip_length,len30_c2c3_full,test_fixed5_c4c5_normal,query_micro,rank5,0.8685990338164251,0.0,0.07762008799379685,1,5
pointnet_tmax,clip_length,len30_c2c3_full,test_fixed5_c4c5_normal,subject_macro,mAP,0.71242451933114,0.0,0.09076316498223762,1,5
pointnet_tmax,clip_length,len30_c2c3_full,test_fixed5_c4c5_normal,subject_macro,rank1,0.6950742311770944,0.0,0.13599884483991462,1,5
pointnet_tmax,clip_length,len30_c2c3_full,test_fixed5_c4c5_normal,subject_macro,rank5,0.8645217391304347,0.0,0.07989104111166336,1,5
pointnet_tmax,clip_length,len30_c2c3_full,test_fixed5_c7,query_micro,mAP,0.715392291237201,0.0,0.0868105636145371,1,5
pointnet_tmax,clip_length,len30_c2c3_full,test_fixed5_c7,query_micro,rank1,0.7442857142857143,0.0,0.11306490821376787,1,5
pointnet_tmax,clip_length,len30_c2c3_full,test_fixed5_c7,query_micro,rank5,0.877142857142857,0.0,0.08564282735612494,1,5
pointnet_tmax,clip_length,len30_c2c3_full,test_fixed5_c7,subject_macro,mAP,0.6349865267860393,0.0,0.09951889523516676,1,5
pointnet_tmax,clip_length,len30_c2c3_full,test_fixed5_c7,subject_macro,rank1,0.6241666666666668,0.0,0.15322119994018815,1,5
pointnet_tmax,clip_length,len30_c2c3_full,test_fixed5_c7,subject_macro,rank5,0.805,0.0,0.11688669727560957,1,5
pointnet_tmax,clip_length,len30_c2c3_full,test_fixed5_to_personal,query_micro,mAP,0.7424818620823398,0.0,0.05668402227578889,1,5
pointnet_tmax,clip_length,len30_c2c3_full,test_fixed5_to_personal,query_micro,rank1,0.7663366336633664,0.0,0.058608509255242525,1,5
pointnet_tmax,clip_length,len30_c2c3_full,test_fixed5_to_personal,query_micro,rank5,0.910891089108911,0.0,0.020768492042973284,1,5
pointnet_tmax,clip_length,len30_c2c3_full,test_fixed5_to_personal,subject_macro,mAP,0.7416221715566658,0.0,0.056736512086146426,1,5
pointnet_tmax,clip_length,len30_c2c3_full,test_fixed5_to_personal,subject_macro,rank1,0.7656190476190476,0.0,0.059300839531670965,1,5
pointnet_tmax,clip_length,len30_c2c3_full,test_fixed5_to_personal,subject_macro,rank5,0.9100952380952382,0.0,0.02106764830228242,1,5
pointnet_tmax,clip_length,len30_c2c3_full,test_fixed5_to_special,query_micro,mAP,0.7331695682829381,0.0,0.09121429316403433,1,5
pointnet_tmax,clip_length,len30_c2c3_full,test_fixed5_to_special,query_micro,rank1,0.7269320843091335,0.0,0.14920514207279956,1,5
pointnet_tmax,clip_length,len30_c2c3_full,test_fixed5_to_special,query_micro,rank5,0.8908665105386417,0.0,0.06411218222864139,1,5
pointnet_tmax,clip_length,len30_c2c3_full,test_fixed5_to_special,subject_macro,mAP,0.7047709380514456,0.0,0.09013329236900589,1,5
pointnet_tmax,clip_length,len30_c2c3_full,test_fixed5_to_special,subject_macro,rank1,0.6933956673654788,0.0,0.13616368220514077,1,5
pointnet_tmax,clip_length,len30_c2c3_full,test_fixed5_to_special,subject_macro,rank5,0.856505031446541,0.0,0.07836268609214142,1,5
pointnet_tmax,clip_length,len30_c2c3_full,test_general_to_personal,query_micro,mAP,0.8466727982141515,0.0,0.06457586463866227,1,5
pointnet_tmax,clip_length,len30_c2c3_full,test_general_to_personal,query_micro,rank1,0.9300392156862746,0.0,0.04609459874901985,1,5
pointnet_tmax,clip_length,len30_c2c3_full,test_general_to_personal,query_micro,rank5,0.9695392156862745,0.0,0.03609174413376908,1,5
pointnet_tmax,clip_length,len30_c2c3_full,test_general_to_personal,subject_macro,mAP,0.8477592120935971,0.0,0.06545011881379617,1,5
pointnet_tmax,clip_length,len30_c2c3_full,test_general_to_personal,subject_macro,rank1,0.9301818181818182,0.0,0.046281210152967496,1,5
pointnet_tmax,clip_length,len30_c2c3_full,test_general_to_personal,subject_macro,rank5,0.9696818181818182,0.0,0.036174393939076635,1,5
pointnet_tmax,clip_length,len30_c2c3_full,test_mixed_c2_to_c3,query_micro,mAP,0.9196985560572809,0.0,0.035948137996635064,1,5
pointnet_tmax,clip_length,len30_c2c3_full,test_mixed_c2_to_c3,query_micro,rank1,0.96,0.0,0.04636809247747852,1,5
pointnet_tmax,clip_length,len30_c2c3_full,test_mixed_c2_to_c3,query_micro,rank5,0.9800000000000001,0.0,0.039999999999999994,1,5
pointnet_tmax,clip_length,len30_c2c3_full,test_mixed_c2_to_c3,subject_macro,mAP,0.9196985560572809,0.0,0.035948137996635064,1,5
pointnet_tmax,clip_length,len30_c2c3_full,test_mixed_c2_to_c3,subject_macro,rank1,0.96,0.0,0.04636809247747852,1,5
pointnet_tmax,clip_length,len30_c2c3_full,test_mixed_c2_to_c3,subject_macro,rank5,0.9800000000000001,0.0,0.039999999999999994,1,5
pointnet_tmax,clip_length,len30_c2c3_full,test_mixed_c3_to_c2,query_micro,mAP,0.888661643250121,0.0,0.02932777635501924,1,5
pointnet_tmax,clip_length,len30_c2c3_full,test_mixed_c3_to_c2,query_micro,rank1,0.8977777777777778,0.0,0.0356335949129435,1,5
pointnet_tmax,clip_length,len30_c2c3_full,test_mixed_c3_to_c2,query_micro,rank5,0.9800000000000001,0.0,0.024494897427831803,1,5
pointnet_tmax,clip_length,len30_c2c3_full,test_mixed_c3_to_c2,subject_macro,mAP,0.888661643250121,0.0,0.02932777635501924,1,5
pointnet_tmax,clip_length,len30_c2c3_full,test_mixed_c3_to_c2,subject_macro,rank1,0.8977777777777778,0.0,0.0356335949129435,1,5
pointnet_tmax,clip_length,len30_c2c3_full,test_mixed_c3_to_c2,subject_macro,rank5,0.9800000000000001,0.0,0.024494897427831803,1,5
pointnet_tmax,clip_length,len30_c2c3_full,test_query_micro_overall,query_micro,mAP,0.7527572140535407,0.0,0.06652353192191256,1,5
pointnet_tmax,clip_length,len30_c2c3_full,test_query_micro_overall,query_micro,rank1,0.7652757490860911,0.0,0.1042504773012966,1,5
pointnet_tmax,clip_length,len30_c2c3_full,test_query_micro_overall,query_micro,rank5,0.9064112178003395,0.0,0.04342747538912011,1,5
pointnet_tmax,clip_length,len30_c2c3_full,test_query_micro_overall,subject_macro,mAP,0.7788092773727203,0.0,0.04048137154834898,1,5
pointnet_tmax,clip_length,len30_c2c3_full,test_query_micro_overall,subject_macro,rank1,0.8175112172141583,0.0,0.04711546836319597,1,5
pointnet_tmax,clip_length,len30_c2c3_full,test_query_micro_overall,subject_macro,rank5,0.918684513199219,0.0,0.03126441697883681,1,5
pointnet_tmax,clip_length,len30_c2c3_full,val,query_micro,mAP,0.9389114322931158,0.0,0.03627519737601669,1,5
pointnet_tmax,clip_length,len30_c2c3_full,val,query_micro,rank1,0.9720392156862745,0.0,0.0325179629771928,1,5
pointnet_tmax,clip_length,len30_c2c3_full,val,query_micro,rank5,0.9940392156862746,0.0,0.0048674866193964845,1,5
pointnet_tmax,clip_length,len30_c2c3_full,val,subject_macro,mAP,0.9394941291754895,0.0,0.03579547331784275,1,5
pointnet_tmax,clip_length,len30_c2c3_full,val,subject_macro,rank1,0.9721818181818183,0.0,0.03259873749013013,1,5
pointnet_tmax,clip_length,len30_c2c3_full,val,subject_macro,rank5,0.9941818181818182,0.0,0.004762109401348648,1,5
pointnet_tmax,clip_length,len30_c2c3_full,val_c2_to_c3,query_micro,mAP,0.9477328649163246,0.0,0.050368187314197316,1,5
pointnet_tmax,clip_length,len30_c2c3_full,val_c2_to_c3,query_micro,rank1,0.9400000000000001,0.0,0.09695359714832658,1,5
pointnet_tmax,clip_length,len30_c2c3_full,val_c2_to_c3,query_micro,rank5,1.0,0.0,0.0,1,5
pointnet_tmax,clip_length,len30_c2c3_full,val_c2_to_c3,subject_macro,mAP,0.9477328649163246,0.0,0.050368187314197316,1,5
pointnet_tmax,clip_length,len30_c2c3_full,val_c2_to_c3,subject_macro,rank1,0.9400000000000001,0.0,0.09695359714832658,1,5
pointnet_tmax,clip_length,len30_c2c3_full,val_c2_to_c3,subject_macro,rank5,1.0,0.0,0.0,1,5
pointnet_tmax,clip_length,len30_c2c3_full,val_c3_to_c2,query_micro,mAP,0.9643968257308007,0.0,0.032668711822962285,1,5
pointnet_tmax,clip_length,len30_c2c3_full,val_c3_to_c2,query_micro,rank1,0.99,0.0,0.020000000000000018,1,5
pointnet_tmax,clip_length,len30_c2c3_full,val_c3_to_c2,query_micro,rank5,1.0,0.0,0.0,1,5
pointnet_tmax,clip_length,len30_c2c3_full,val_c3_to_c2,subject_macro,mAP,0.9643968257308007,0.0,0.032668711822962285,1,5
pointnet_tmax,clip_length,len30_c2c3_full,val_c3_to_c2,subject_macro,rank1,0.99,0.0,0.020000000000000018,1,5
pointnet_tmax,clip_length,len30_c2c3_full,val_c3_to_c2,subject_macro,rank5,1.0,0.0,0.0,1,5
pointnet_tmax,clip_length,len4_c2c3_full,diagnostic_fixed5_only_to_special,query_micro,mAP,0.7331755662794973,0.0,0.013802537706411907,1,5
pointnet_tmax,clip_length,len4_c2c3_full,diagnostic_fixed5_only_to_special,query_micro,rank1,0.7615925058548009,0.0,0.023717075224678513,1,5
pointnet_tmax,clip_length,len4_c2c3_full,diagnostic_fixed5_only_to_special,query_micro,rank5,0.9255269320843091,0.0,0.021330768218708565,1,5
pointnet_tmax,clip_length,len4_c2c3_full,diagnostic_fixed5_only_to_special,subject_macro,mAP,0.7097537917159139,0.0,0.016255083890603136,1,5
pointnet_tmax,clip_length,len4_c2c3_full,diagnostic_fixed5_only_to_special,subject_macro,rank1,0.7359206382483112,0.0,0.02790101693133104,1,5
pointnet_tmax,clip_length,len4_c2c3_full,diagnostic_fixed5_only_to_special,subject_macro,rank5,0.9038831586303285,0.0,0.025414017046058366,1,5
pointnet_tmax,clip_length,len4_c2c3_full,test_all_personal,query_micro,mAP,0.758014551784491,0.0,0.03735770769327899,1,5
pointnet_tmax,clip_length,len4_c2c3_full,test_all_personal,query_micro,rank1,0.8455396858344969,0.0,0.0346076236942642,1,5
pointnet_tmax,clip_length,len4_c2c3_full,test_all_personal,query_micro,rank5,0.9593880473797899,0.0,0.005798210321575589,1,5
pointnet_tmax,clip_length,len4_c2c3_full,test_all_personal,subject_macro,mAP,0.7595804461567999,0.0,0.03628825072346318,1,5
pointnet_tmax,clip_length,len4_c2c3_full,test_all_personal,subject_macro,rank1,0.8464963924963925,0.0,0.03411509349303821,1,5
pointnet_tmax,clip_length,len4_c2c3_full,test_all_personal,subject_macro,rank5,0.9598090428090428,0.0,0.00638352564613353,1,5
pointnet_tmax,clip_length,len4_c2c3_full,test_fixed5_c4c5_normal,query_micro,mAP,0.6161668873423539,0.0,0.09668155741044068,1,5
pointnet_tmax,clip_length,len4_c2c3_full,test_fixed5_c4c5_normal,query_micro,rank1,0.6405797101449275,0.0,0.17029516557313856,1,5
pointnet_tmax,clip_length,len4_c2c3_full,test_fixed5_c4c5_normal,query_micro,rank5,0.8531400966183575,0.0,0.05306098634877674,1,5
pointnet_tmax,clip_length,len4_c2c3_full,test_fixed5_c4c5_normal,subject_macro,mAP,0.6144605763504323,0.0,0.09599452453515797,1,5
pointnet_tmax,clip_length,len4_c2c3_full,test_fixed5_c4c5_normal,subject_macro,rank1,0.6379809119830329,0.0,0.16826213683512187,1,5
pointnet_tmax,clip_length,len4_c2c3_full,test_fixed5_c4c5_normal,subject_macro,rank5,0.8496203605514315,0.0,0.05430595667282887,1,5
pointnet_tmax,clip_length,len4_c2c3_full,test_fixed5_c7,query_micro,mAP,0.5886533687902349,0.0,0.05816358027946695,1,5
pointnet_tmax,clip_length,len4_c2c3_full,test_fixed5_c7,query_micro,rank1,0.6371428571428572,0.0,0.06314867458657239,1,5
pointnet_tmax,clip_length,len4_c2c3_full,test_fixed5_c7,query_micro,rank5,0.8485714285714285,0.0,0.03790428331834742,1,5
pointnet_tmax,clip_length,len4_c2c3_full,test_fixed5_c7,subject_macro,mAP,0.5190417281227807,0.0,0.05782794452503392,1,5
pointnet_tmax,clip_length,len4_c2c3_full,test_fixed5_c7,subject_macro,rank1,0.5658333333333333,0.0,0.09227638135273594,1,5
pointnet_tmax,clip_length,len4_c2c3_full,test_fixed5_c7,subject_macro,rank5,0.7920833333333334,0.0,0.042315777199526915,1,5
pointnet_tmax,clip_length,len4_c2c3_full,test_fixed5_to_personal,query_micro,mAP,0.7456986982190963,0.0,0.05724214440840236,1,5
pointnet_tmax,clip_length,len4_c2c3_full,test_fixed5_to_personal,query_micro,rank1,0.8415841584158417,0.0,0.055657304247743365,1,5
pointnet_tmax,clip_length,len4_c2c3_full,test_fixed5_to_personal,query_micro,rank5,0.9782178217821782,0.0,0.009700949476369031,1,5
pointnet_tmax,clip_length,len4_c2c3_full,test_fixed5_to_personal,subject_macro,mAP,0.7472654141563745,0.0,0.057185547934883736,1,5
pointnet_tmax,clip_length,len4_c2c3_full,test_fixed5_to_personal,subject_macro,rank1,0.8424761904761905,0.0,0.05562622262917848,1,5
pointnet_tmax,clip_length,len4_c2c3_full,test_fixed5_to_personal,subject_macro,rank5,0.9784761904761904,0.0,0.00950665121026119,1,5
pointnet_tmax,clip_length,len4_c2c3_full,test_fixed5_to_special,query_micro,mAP,0.6180680794514872,0.0,0.08169746264482972,1,5
pointnet_tmax,clip_length,len4_c2c3_full,test_fixed5_to_special,query_micro,rank1,0.6360655737704918,0.0,0.13405607181369653,1,5
pointnet_tmax,clip_length,len4_c2c3_full,test_fixed5_to_special,query_micro,rank5,0.8711943793911008,0.0,0.042232558609273455,1,5
pointnet_tmax,clip_length,len4_c2c3_full,test_fixed5_to_special,subject_macro,mAP,0.5930874899841834,0.0,0.07980762372020156,1,5
pointnet_tmax,clip_length,len4_c2c3_full,test_fixed5_to_special,subject_macro,rank1,0.6041643139995341,0.0,0.13289270735624756,1,5
pointnet_tmax,clip_length,len4_c2c3_full,test_fixed5_to_special,subject_macro,rank5,0.8434453761938038,0.0,0.04713921738590634,1,5
pointnet_tmax,clip_length,len4_c2c3_full,test_general_to_personal,query_micro,mAP,0.7683984929501426,0.0,0.03585537744940478,1,5
pointnet_tmax,clip_length,len4_c2c3_full,test_general_to_personal,query_micro,rank1,0.8486666666666667,0.0,0.03396730454095198,1,5
pointnet_tmax,clip_length,len4_c2c3_full,test_general_to_personal,query_micro,rank5,0.9391960784313726,0.0,0.020699456816428614,1,5
pointnet_tmax,clip_length,len4_c2c3_full,test_general_to_personal,subject_macro,mAP,0.7699737808934667,0.0,0.034672543440238686,1,5
pointnet_tmax,clip_length,len4_c2c3_full,test_general_to_personal,subject_macro,rank1,0.8498181818181818,0.0,0.033522657935213356,1,5
pointnet_tmax,clip_length,len4_c2c3_full,test_general_to_personal,subject_macro,rank5,0.9399090909090908,0.0,0.02114960484557494,1,5
pointnet_tmax,clip_length,len4_c2c3_full,test_mixed_c2_to_c3,query_micro,mAP,0.8234928165872892,0.0,0.028163223053538036,1,5
pointnet_tmax,clip_length,len4_c2c3_full,test_mixed_c2_to_c3,query_micro,rank1,0.8572222222222223,0.0,0.05565546571719198,1,5
pointnet_tmax,clip_length,len4_c2c3_full,test_mixed_c2_to_c3,query_micro,rank5,0.8877777777777778,0.0,0.01937288419351412,1,5
pointnet_tmax,clip_length,len4_c2c3_full,test_mixed_c2_to_c3,subject_macro,mAP,0.8234928165872892,0.0,0.028163223053538036,1,5
pointnet_tmax,clip_length,len4_c2c3_full,test_mixed_c2_to_c3,subject_macro,rank1,0.8572222222222223,0.0,0.05565546571719198,1,5
pointnet_tmax,clip_length,len4_c2c3_full,test_mixed_c2_to_c3,subject_macro,rank5,0.8877777777777778,0.0,0.01937288419351412,1,5
pointnet_tmax,clip_length,len4_c2c3_full,test_mixed_c3_to_c2,query_micro,mAP,0.837073930957251,0.0,0.03197647156892646,1,5
pointnet_tmax,clip_length,len4_c2c3_full,test_mixed_c3_to_c2,query_micro,rank1,0.8405555555555555,0.0,0.03973678831610593,1,5
pointnet_tmax,clip_length,len4_c2c3_full,test_mixed_c3_to_c2,query_micro,rank5,0.9544444444444444,0.0,0.028792574488555406,1,5
pointnet_tmax,clip_length,len4_c2c3_full,test_mixed_c3_to_c2,subject_macro,mAP,0.837073930957251,0.0,0.03197647156892646,1,5
pointnet_tmax,clip_length,len4_c2c3_full,test_mixed_c3_to_c2,subject_macro,rank1,0.8405555555555555,0.0,0.03973678831610593,1,5
pointnet_tmax,clip_length,len4_c2c3_full,test_mixed_c3_to_c2,subject_macro,rank5,0.9544444444444444,0.0,0.028792574488555406,1,5
pointnet_tmax,clip_length,len4_c2c3_full,test_query_micro_overall,query_micro,mAP,0.6627462623916317,0.0,0.0644366392132014,1,5
pointnet_tmax,clip_length,len4_c2c3_full,test_query_micro_overall,query_micro,rank1,0.7028821389993029,0.0,0.09889354943828027,1,5
pointnet_tmax,clip_length,len4_c2c3_full,test_query_micro_overall,query_micro,rank5,0.8993000880651735,0.0,0.02789127685461989,1,5
pointnet_tmax,clip_length,len4_c2c3_full,test_query_micro_overall,subject_macro,mAP,0.697119250785567,0.0,0.043072545230902336,1,5
pointnet_tmax,clip_length,len4_c2c3_full,test_query_micro_overall,subject_macro,rank1,0.7506495930358674,0.0,0.06223120273698337,1,5
pointnet_tmax,clip_length,len4_c2c3_full,test_query_micro_overall,subject_macro,rank5,0.9068910378292732,0.0,0.017745305003917522,1,5
pointnet_tmax,clip_length,len4_c2c3_full,val,query_micro,mAP,0.8945201856090742,0.0,0.0213272003523408,1,5
pointnet_tmax,clip_length,len4_c2c3_full,val,query_micro,rank1,0.9451960784313724,0.0,0.019029308219657447,1,5
pointnet_tmax,clip_length,len4_c2c3_full,val,query_micro,rank5,0.9855392156862746,0.0,0.004621589840809186,1,5
pointnet_tmax,clip_length,len4_c2c3_full,val,subject_macro,mAP,0.895456786364317,0.0,0.020097128201377018,1,5
pointnet_tmax,clip_length,len4_c2c3_full,val,subject_macro,rank1,0.9457272727272727,0.0,0.019219480475602537,1,5
pointnet_tmax,clip_length,len4_c2c3_full,val,subject_macro,rank5,0.9856818181818182,0.0,0.004771644898912954,1,5
pointnet_tmax,clip_length,len4_c2c3_full,val_c2_to_c3,query_micro,mAP,0.9544769540429116,0.0,0.03289816910587666,1,5
pointnet_tmax,clip_length,len4_c2c3_full,val_c2_to_c3,query_micro,rank1,0.9800000000000001,0.0,0.039999999999999994,1,5
pointnet_tmax,clip_length,len4_c2c3_full,val_c2_to_c3,query_micro,rank5,0.99,0.0,0.020000000000000018,1,5
pointnet_tmax,clip_length,len4_c2c3_full,val_c2_to_c3,subject_macro,mAP,0.9544769540429116,0.0,0.03289816910587666,1,5
pointnet_tmax,clip_length,len4_c2c3_full,val_c2_to_c3,subject_macro,rank1,0.9800000000000001,0.0,0.039999999999999994,1,5
pointnet_tmax,clip_length,len4_c2c3_full,val_c2_to_c3,subject_macro,rank5,0.99,0.0,0.020000000000000018,1,5
pointnet_tmax,clip_length,len4_c2c3_full,val_c3_to_c2,query_micro,mAP,0.9368793532252312,0.0,0.0453816159521806,1,5
pointnet_tmax,clip_length,len4_c2c3_full,val_c3_to_c2,query_micro,rank1,0.96,0.0,0.07999999999999999,1,5
pointnet_tmax,clip_length,len4_c2c3_full,val_c3_to_c2,query_micro,rank5,0.99,0.0,0.020000000000000018,1,5
pointnet_tmax,clip_length,len4_c2c3_full,val_c3_to_c2,subject_macro,mAP,0.9368793532252312,0.0,0.0453816159521806,1,5
pointnet_tmax,clip_length,len4_c2c3_full,val_c3_to_c2,subject_macro,rank1,0.96,0.0,0.07999999999999999,1,5
pointnet_tmax,clip_length,len4_c2c3_full,val_c3_to_c2,subject_macro,rank5,0.99,0.0,0.020000000000000018,1,5
pointnet_tmax,clip_length,len8_c2c3_full,diagnostic_fixed5_only_to_special,query_micro,mAP,0.7394578889466003,0.0,0.03635342811489559,1,5
pointnet_tmax,clip_length,len8_c2c3_full,diagnostic_fixed5_only_to_special,query_micro,rank1,0.7793911007025761,0.0,0.050346386123785565,1,5
pointnet_tmax,clip_length,len8_c2c3_full,diagnostic_fixed5_only_to_special,query_micro,rank5,0.923185011709602,0.0,0.05099582030150055,1,5
pointnet_tmax,clip_length,len8_c2c3_full,diagnostic_fixed5_only_to_special,subject_macro,mAP,0.7222491223604084,0.0,0.02886895991586824,1,5
pointnet_tmax,clip_length,len8_c2c3_full,diagnostic_fixed5_only_to_special,subject_macro,rank1,0.7703955974842767,0.0,0.03439608391967274,1,5
pointnet_tmax,clip_length,len8_c2c3_full,diagnostic_fixed5_only_to_special,subject_macro,rank5,0.9173957605404146,0.0,0.04491360286483439,1,5
pointnet_tmax,clip_length,len8_c2c3_full,test_all_personal,query_micro,mAP,0.7853759531889365,0.0,0.05842009320370759,1,5
pointnet_tmax,clip_length,len8_c2c3_full,test_all_personal,query_micro,rank1,0.8604301519915867,0.0,0.06066785825571434,1,5
pointnet_tmax,clip_length,len8_c2c3_full,test_all_personal,query_micro,rank5,0.9698684272348623,0.0,0.024995329330348676,1,5
pointnet_tmax,clip_length,len8_c2c3_full,test_all_personal,subject_macro,mAP,0.7863291848697853,0.0,0.05761833326976671,1,5
pointnet_tmax,clip_length,len8_c2c3_full,test_all_personal,subject_macro,rank1,0.8614901394901395,0.0,0.05936137181202081,1,5
pointnet_tmax,clip_length,len8_c2c3_full,test_all_personal,subject_macro,rank5,0.970034632034632,0.0,0.024983495985981728,1,5
pointnet_tmax,clip_length,len8_c2c3_full,test_fixed5_c4c5_normal,query_micro,mAP,0.6255664234216087,0.0,0.09882703546731701,1,5
pointnet_tmax,clip_length,len8_c2c3_full,test_fixed5_c4c5_normal,query_micro,rank1,0.6763285024154589,0.0,0.09584229385613328,1,5
pointnet_tmax,clip_length,len8_c2c3_full,test_fixed5_c4c5_normal,query_micro,rank5,0.9033816425120772,0.0,0.056420488195773645,1,5
pointnet_tmax,clip_length,len8_c2c3_full,test_fixed5_c4c5_normal,subject_macro,mAP,0.6269024216390253,0.0,0.09610800550838676,1,5
pointnet_tmax,clip_length,len8_c2c3_full,test_fixed5_c4c5_normal,subject_macro,rank1,0.6802248144220572,0.0,0.09226439181434794,1,5
pointnet_tmax,clip_length,len8_c2c3_full,test_fixed5_c4c5_normal,subject_macro,rank5,0.905135737009544,0.0,0.05404022363406504,1,5
pointnet_tmax,clip_length,len8_c2c3_full,test_fixed5_c7,query_micro,mAP,0.5979511732395206,0.0,0.06192700670020466,1,5
pointnet_tmax,clip_length,len8_c2c3_full,test_fixed5_c7,query_micro,rank1,0.6900000000000001,0.0,0.08755173397739752,1,5
pointnet_tmax,clip_length,len8_c2c3_full,test_fixed5_c7,query_micro,rank5,0.8642857142857142,0.0,0.04694764778615711,1,5
pointnet_tmax,clip_length,len8_c2c3_full,test_fixed5_c7,subject_macro,mAP,0.5152756134420633,0.0,0.07558674458083296,1,5
pointnet_tmax,clip_length,len8_c2c3_full,test_fixed5_c7,subject_macro,rank1,0.57375,0.0,0.11732404082521003,1,5
pointnet_tmax,clip_length,len8_c2c3_full,test_fixed5_c7,subject_macro,rank5,0.7741666666666667,0.0,0.07550294328332138,1,5
pointnet_tmax,clip_length,len8_c2c3_full,test_fixed5_to_personal,query_micro,mAP,0.7168495153436567,0.0,0.08161654171670712,1,5
pointnet_tmax,clip_length,len8_c2c3_full,test_fixed5_to_personal,query_micro,rank1,0.80990099009901,0.0,0.08708369674176641,1,5
pointnet_tmax,clip_length,len8_c2c3_full,test_fixed5_to_personal,query_micro,rank5,0.9742574257425742,0.0,0.016087204761655382,1,5
pointnet_tmax,clip_length,len8_c2c3_full,test_fixed5_to_personal,subject_macro,mAP,0.7174298070725941,0.0,0.0808298423312989,1,5
pointnet_tmax,clip_length,len8_c2c3_full,test_fixed5_to_personal,subject_macro,rank1,0.8106666666666665,0.0,0.08565850036515495,1,5
pointnet_tmax,clip_length,len8_c2c3_full,test_fixed5_to_personal,subject_macro,rank5,0.9741904761904763,0.0,0.01596879042299998,1,5
pointnet_tmax,clip_length,len8_c2c3_full,test_fixed5_to_special,query_micro,mAP,0.6303444095810906,0.0,0.09260380456892989,1,5
pointnet_tmax,clip_length,len8_c2c3_full,test_fixed5_to_special,query_micro,rank1,0.6885245901639345,0.0,0.0989721152651777,1,5
pointnet_tmax,clip_length,len8_c2c3_full,test_fixed5_to_special,query_micro,rank5,0.8871194379391101,0.0,0.05763979414675471,1,5
pointnet_tmax,clip_length,len8_c2c3_full,test_fixed5_to_special,subject_macro,mAP,0.6140751435105403,0.0,0.088011353777123,1,5
pointnet_tmax,clip_length,len8_c2c3_full,test_fixed5_to_special,subject_macro,rank1,0.6778819473561611,0.0,0.09075558875050266,1,5
pointnet_tmax,clip_length,len8_c2c3_full,test_fixed5_to_special,subject_macro,rank5,0.8799931749359423,0.0,0.05414952031783685,1,5
pointnet_tmax,clip_length,len8_c2c3_full,test_general_to_personal,query_micro,mAP,0.8566034223139287,0.0,0.047679669256548395,1,5
pointnet_tmax,clip_length,len8_c2c3_full,test_general_to_personal,query_micro,rank1,0.9145490196078431,0.0,0.04388520903985902,1,5
pointnet_tmax,clip_length,len8_c2c3_full,test_general_to_personal,query_micro,rank5,0.9661176470588234,0.0,0.04031124582287661,1,5
pointnet_tmax,clip_length,len8_c2c3_full,test_general_to_personal,subject_macro,mAP,0.8576300096322189,0.0,0.04706581246472609,1,5
pointnet_tmax,clip_length,len8_c2c3_full,test_general_to_personal,subject_macro,rank1,0.9156363636363636,0.0,0.0426378173816904,1,5
pointnet_tmax,clip_length,len8_c2c3_full,test_general_to_personal,subject_macro,rank5,0.9665454545454546,0.0,0.040367731160027606,1,5
pointnet_tmax,clip_length,len8_c2c3_full,test_mixed_c2_to_c3,query_micro,mAP,0.8428337401400009,0.0,0.07225278640273532,1,5
pointnet_tmax,clip_length,len8_c2c3_full,test_mixed_c2_to_c3,query_micro,rank1,0.8722222222222221,0.0,0.11081906062375217,1,5
pointnet_tmax,clip_length,len8_c2c3_full,test_mixed_c2_to_c3,query_micro,rank5,0.97,0.0,0.06000000000000001,1,5
pointnet_tmax,clip_length,len8_c2c3_full,test_mixed_c2_to_c3,subject_macro,mAP,0.8428337401400009,0.0,0.07225278640273532,1,5
pointnet_tmax,clip_length,len8_c2c3_full,test_mixed_c2_to_c3,subject_macro,rank1,0.8722222222222221,0.0,0.11081906062375217,1,5
pointnet_tmax,clip_length,len8_c2c3_full,test_mixed_c2_to_c3,subject_macro,rank5,0.97,0.0,0.06000000000000001,1,5
pointnet_tmax,clip_length,len8_c2c3_full,test_mixed_c3_to_c2,query_micro,mAP,0.8401835573547416,0.0,0.06381759916649733,1,5
pointnet_tmax,clip_length,len8_c2c3_full,test_mixed_c3_to_c2,query_micro,rank1,0.8411111111111111,0.0,0.08981118740288456,1,5
pointnet_tmax,clip_length,len8_c2c3_full,test_mixed_c3_to_c2,query_micro,rank5,0.9594444444444445,0.0,0.033683347536053586,1,5
pointnet_tmax,clip_length,len8_c2c3_full,test_mixed_c3_to_c2,subject_macro,mAP,0.8401835573547416,0.0,0.06381759916649733,1,5
pointnet_tmax,clip_length,len8_c2c3_full,test_mixed_c3_to_c2,subject_macro,rank1,0.8411111111111111,0.0,0.08981118740288456,1,5
pointnet_tmax,clip_length,len8_c2c3_full,test_mixed_c3_to_c2,subject_macro,rank5,0.9594444444444445,0.0,0.033683347536053586,1,5
pointnet_tmax,clip_length,len8_c2c3_full,test_query_micro_overall,query_micro,mAP,0.679847592201256,0.0,0.07701734144900677,1,5
pointnet_tmax,clip_length,len8_c2c3_full,test_query_micro_overall,query_micro,rank1,0.7435203587525077,0.0,0.07998431235794033,1,5
pointnet_tmax,clip_length,len8_c2c3_full,test_query_micro_overall,query_micro,rank5,0.9134797982216689,0.0,0.045606880936517664,1,5
pointnet_tmax,clip_length,len8_c2c3_full,test_query_micro_overall,subject_macro,mAP,0.7435262085746733,0.0,0.055914271064235986,1,5
pointnet_tmax,clip_length,len8_c2c3_full,test_query_micro_overall,subject_macro,rank1,0.8075715120391591,0.0,0.0588884022179348,1,5
pointnet_tmax,clip_length,len8_c2c3_full,test_query_micro_overall,subject_macro,rank5,0.9322658178422885,0.0,0.03963990706677022,1,5
pointnet_tmax,clip_length,len8_c2c3_full,val,query_micro,mAP,0.9122951163053512,0.0,0.03845412833162008,1,5
pointnet_tmax,clip_length,len8_c2c3_full,val,query_micro,rank1,0.9502352941176471,0.0,0.040933062076202606,1,5
pointnet_tmax,clip_length,len8_c2c3_full,val,query_micro,rank5,0.99,0.0,0.012649110640673528,1,5
pointnet_tmax,clip_length,len8_c2c3_full,val,subject_macro,mAP,0.9128687256141144,0.0,0.03825511780484848,1,5
pointnet_tmax,clip_length,len8_c2c3_full,val,subject_macro,rank1,0.9507272727272728,0.0,0.04083589411209068,1,5
pointnet_tmax,clip_length,len8_c2c3_full,val,subject_macro,rank5,0.99,0.0,0.01264911064067351,1,5
pointnet_tmax,clip_length,len8_c2c3_full,val_c2_to_c3,query_micro,mAP,0.956548358052969,0.0,0.021701124141512332,1,5
pointnet_tmax,clip_length,len8_c2c3_full,val_c2_to_c3,query_micro,rank1,0.9875,0.0,0.025,1,5
pointnet_tmax,clip_length,len8_c2c3_full,val_c2_to_c3,query_micro,rank5,1.0,0.0,0.0,1,5
pointnet_tmax,clip_length,len8_c2c3_full,val_c2_to_c3,subject_macro,mAP,0.956548358052969,0.0,0.021701124141512332,1,5
pointnet_tmax,clip_length,len8_c2c3_full,val_c2_to_c3,subject_macro,rank1,0.9875,0.0,0.025,1,5
pointnet_tmax,clip_length,len8_c2c3_full,val_c2_to_c3,subject_macro,rank5,1.0,0.0,0.0,1,5
pointnet_tmax,clip_length,len8_c2c3_full,val_c3_to_c2,query_micro,mAP,0.9347012552618981,0.0,0.026824392909124677,1,5
pointnet_tmax,clip_length,len8_c2c3_full,val_c3_to_c2,query_micro,rank1,0.9425000000000001,0.0,0.07566372975210778,1,5
pointnet_tmax,clip_length,len8_c2c3_full,val_c3_to_c2,query_micro,rank5,0.99,0.0,0.020000000000000018,1,5
pointnet_tmax,clip_length,len8_c2c3_full,val_c3_to_c2,subject_macro,mAP,0.9347012552618981,0.0,0.026824392909124677,1,5
pointnet_tmax,clip_length,len8_c2c3_full,val_c3_to_c2,subject_macro,rank1,0.9425000000000001,0.0,0.07566372975210778,1,5
pointnet_tmax,clip_length,len8_c2c3_full,val_c3_to_c2,subject_macro,rank5,0.99,0.0,0.020000000000000018,1,5
pointnet_tmax,train_clothing,len15_c2,diagnostic_fixed5_only_to_special,query_micro,mAP,0.673442456772977,0.034333211273790507,0.0566378948249697,3,15
pointnet_tmax,train_clothing,len15_c2,diagnostic_fixed5_only_to_special,query_micro,rank1,0.7274004683840749,0.05831460110016946,0.10649190326210586,3,15
pointnet_tmax,train_clothing,len15_c2,diagnostic_fixed5_only_to_special,query_micro,rank5,0.8896174863387979,0.02883849873984731,0.03989857711493392,3,15
pointnet_tmax,train_clothing,len15_c2,diagnostic_fixed5_only_to_special,subject_macro,mAP,0.649268311540575,0.032344181688505814,0.05318564020766649,3,15
pointnet_tmax,train_clothing,len15_c2,diagnostic_fixed5_only_to_special,subject_macro,rank1,0.6897471853404767,0.06224394894498556,0.1017472187844853,3,15
pointnet_tmax,train_clothing,len15_c2,diagnostic_fixed5_only_to_special,subject_macro,rank5,0.8533570308253746,0.04210631261387439,0.05396309151092776,3,15
pointnet_tmax,train_clothing,len15_c2,test_all_personal,query_micro,mAP,0.6891963079825038,0.04088045041962004,0.076920740270989,3,15
pointnet_tmax,train_clothing,len15_c2,test_all_personal,query_micro,rank1,0.7405976585425124,0.07261678470940379,0.11129474259739341,3,15
pointnet_tmax,train_clothing,len15_c2,test_all_personal,query_micro,rank5,0.8942735270837568,0.038452960247458715,0.06059991764539559,3,15
pointnet_tmax,train_clothing,len15_c2,test_all_personal,subject_macro,mAP,0.6896042970171604,0.040752172443069994,0.07654208991692844,3,15
pointnet_tmax,train_clothing,len15_c2,test_all_personal,subject_macro,rank1,0.740715568382235,0.07244597409696152,0.11106806677846051,3,15
pointnet_tmax,train_clothing,len15_c2,test_all_personal,subject_macro,rank5,0.8942619849286517,0.03835315647429707,0.0602302504036846,3,15
pointnet_tmax,train_clothing,len15_c2,test_fixed5_c4c5_normal,query_micro,mAP,0.5412960990267579,0.04193309257653243,0.11262558244443546,3,15
pointnet_tmax,train_clothing,len15_c2,test_fixed5_c4c5_normal,query_micro,rank1,0.5758454106280193,0.08325266229969515,0.17125541405644593,3,15
pointnet_tmax,train_clothing,len15_c2,test_fixed5_c4c5_normal,query_micro,rank5,0.7977455716586151,0.06740395281637518,0.12195705090533612,3,15
pointnet_tmax,train_clothing,len15_c2,test_fixed5_c4c5_normal,subject_macro,mAP,0.541326113380422,0.03979235422235918,0.11103232677696213,3,15
pointnet_tmax,train_clothing,len15_c2,test_fixed5_c4c5_normal,subject_macro,rank1,0.5744100388829975,0.08069058640715839,0.16775996346986444,3,15
pointnet_tmax,train_clothing,len15_c2,test_fixed5_c4c5_normal,subject_macro,rank5,0.7944072110286321,0.06756482358034557,0.11958983705352068,3,15
pointnet_tmax,train_clothing,len15_c2,test_fixed5_c7,query_micro,mAP,0.5568674498796463,0.0335335935526187,0.09472579780229093,3,15
pointnet_tmax,train_clothing,len15_c2,test_fixed5_c7,query_micro,rank1,0.6257142857142858,0.06535096249727103,0.13219239740610195,3,15
pointnet_tmax,train_clothing,len15_c2,test_fixed5_c7,query_micro,rank5,0.8304761904761904,0.044938859952015374,0.07034737261950243,3,15
pointnet_tmax,train_clothing,len15_c2,test_fixed5_c7,subject_macro,mAP,0.47040028932193917,0.037816531615598316,0.08380061982289107,3,15
pointnet_tmax,train_clothing,len15_c2,test_fixed5_c7,subject_macro,rank1,0.5058333333333334,0.07433579343213596,0.13313179212372253,3,15
pointnet_tmax,train_clothing,len15_c2,test_fixed5_c7,subject_macro,rank5,0.7284722222222223,0.06856358002739381,0.11044854536316676,3,15
pointnet_tmax,train_clothing,len15_c2,test_fixed5_to_personal,query_micro,mAP,0.617693274805058,0.06752269312573955,0.12654493244767315,3,15
pointnet_tmax,train_clothing,len15_c2,test_fixed5_to_personal,query_micro,rank1,0.6323432343234323,0.1341510071470907,0.19778423832499878,3,15
pointnet_tmax,train_clothing,len15_c2,test_fixed5_to_personal,query_micro,rank5,0.8323432343234324,0.06793230537435566,0.10890889087072127,3,15
pointnet_tmax,train_clothing,len15_c2,test_fixed5_to_personal,subject_macro,mAP,0.6175048395364531,0.067349877878379,0.1259709619829222,3,15
pointnet_tmax,train_clothing,len15_c2,test_fixed5_to_personal,subject_macro,rank1,0.6325079365079366,0.13388135299310466,0.19686326824595723,3,15
pointnet_tmax,train_clothing,len15_c2,test_fixed5_to_personal,subject_macro,rank5,0.8319682539682539,0.0678071309250229,0.10809179305980333,3,15
pointnet_tmax,train_clothing,len15_c2,test_fixed5_to_special,query_micro,mAP,0.5613985117091554,0.03888229615949755,0.0982495907665312,3,15
pointnet_tmax,train_clothing,len15_c2,test_fixed5_to_special,query_micro,rank1,0.6117096018735363,0.07357358204062267,0.1457851233180403,3,15
pointnet_tmax,train_clothing,len15_c2,test_fixed5_to_special,query_micro,rank5,0.8277907884465261,0.05703953153489054,0.0981368654735763,3,15
pointnet_tmax,train_clothing,len15_c2,test_fixed5_to_special,subject_macro,mAP,0.5396369639822404,0.035774010634343274,0.09397961608609297,3,15
pointnet_tmax,train_clothing,len15_c2,test_fixed5_to_special,subject_macro,rank1,0.5784624815591273,0.07092824498473566,0.13684392832988934,3,15
pointnet_tmax,train_clothing,len15_c2,test_fixed5_to_special,subject_macro,rank5,0.7906957217175247,0.06311026017923296,0.09869994960822855,3,15
pointnet_tmax,train_clothing,len15_c2,test_general_to_personal,query_micro,mAP,0.7624385770890448,0.0137083138230672,0.07812232524862697,3,15
pointnet_tmax,train_clothing,len15_c2,test_general_to_personal,query_micro,rank1,0.8518169934640523,0.012047984749332242,0.08180453581276564,3,15
pointnet_tmax,train_clothing,len15_c2,test_general_to_personal,query_micro,rank5,0.9583986928104574,0.011544186914945095,0.05145208402723296,3,15
pointnet_tmax,train_clothing,len15_c2,test_general_to_personal,subject_macro,mAP,0.7632373786514456,0.013795368293148974,0.07844079088726102,3,15
pointnet_tmax,train_clothing,len15_c2,test_general_to_personal,subject_macro,rank1,0.8515757575757577,0.012171430064931892,0.08191671115575161,3,15
pointnet_tmax,train_clothing,len15_c2,test_general_to_personal,subject_macro,rank5,0.9585151515151514,0.011549410759380234,0.05151645720270455,3,15
pointnet_tmax,train_clothing,len15_c2,test_mixed_c2_to_c3,query_micro,mAP,0.8239806826357489,0.03502410812904401,0.05129369003581465,3,15
pointnet_tmax,train_clothing,len15_c2,test_mixed_c2_to_c3,query_micro,rank1,0.8679629629629629,0.039969981877693586,0.057742748165518124,3,15
pointnet_tmax,train_clothing,len15_c2,test_mixed_c2_to_c3,query_micro,rank5,0.9798148148148148,0.010974468437058509,0.033201384934836986,3,15
pointnet_tmax,train_clothing,len15_c2,test_mixed_c2_to_c3,subject_macro,mAP,0.8239806826357489,0.03502410812904401,0.05129369003581465,3,15
pointnet_tmax,train_clothing,len15_c2,test_mixed_c2_to_c3,subject_macro,rank1,0.8679629629629629,0.039969981877693586,0.057742748165518124,3,15
pointnet_tmax,train_clothing,len15_c2,test_mixed_c2_to_c3,subject_macro,rank5,0.9798148148148148,0.010974468437058509,0.033201384934836986,3,15
pointnet_tmax,train_clothing,len15_c2,test_mixed_c3_to_c2,query_micro,mAP,0.8361364474533884,0.02105636232339356,0.03288973747092353,3,15
pointnet_tmax,train_clothing,len15_c2,test_mixed_c3_to_c2,query_micro,rank1,0.8681481481481481,0.012250248450771337,0.03693318774020121,3,15
pointnet_tmax,train_clothing,len15_c2,test_mixed_c3_to_c2,query_micro,rank5,0.9783333333333334,0.00942809041582059,0.025603819159562027,3,15
pointnet_tmax,train_clothing,len15_c2,test_mixed_c3_to_c2,subject_macro,mAP,0.8361364474533884,0.02105636232339356,0.03288973747092353,3,15
pointnet_tmax,train_clothing,len15_c2,test_mixed_c3_to_c2,subject_macro,rank1,0.8681481481481481,0.012250248450771337,0.03693318774020121,3,15
pointnet_tmax,train_clothing,len15_c2,test_mixed_c3_to_c2,subject_macro,rank5,0.9783333333333334,0.00942809041582059,0.025603819159562027,3,15
pointnet_tmax,train_clothing,len15_c2,test_query_micro_overall,query_micro,mAP,0.6019712778507729,0.039564989978194326,0.08801235472904889,3,15
pointnet_tmax,train_clothing,len15_c2,test_query_micro_overall,query_micro,rank1,0.6527964439584454,0.07312364732127344,0.1279963093058428,3,15
pointnet_tmax,train_clothing,len15_c2,test_query_micro_overall,query_micro,rank5,0.848985574339245,0.051111882075953796,0.08284676522527541,3,15
pointnet_tmax,train_clothing,len15_c2,test_query_micro_overall,subject_macro,mAP,0.6568017803163277,0.028187425923504216,0.06514394544363744,3,15
pointnet_tmax,train_clothing,len15_c2,test_query_micro_overall,subject_macro,rank1,0.7179462112566687,0.04736555972873144,0.08550765501697298,3,15
pointnet_tmax,train_clothing,len15_c2,test_query_micro_overall,subject_macro,rank5,0.8780920381845219,0.0371832119848138,0.055645304210552415,3,15
pointnet_tmax,train_clothing,len15_c2,val,query_micro,mAP,0.8821336862371832,0.011952248762486711,0.061610474465906506,3,15
pointnet_tmax,train_clothing,len15_c2,val,query_micro,rank1,0.9543235294117647,0.0058370971545006825,0.039834208027536885,3,15
pointnet_tmax,train_clothing,len15_c2,val,query_micro,rank5,0.9940261437908497,0.0032499897310865407,0.007987195528400605,3,15
pointnet_tmax,train_clothing,len15_c2,val,subject_macro,mAP,0.8828713857427691,0.011689090819653006,0.06107787006100504,3,15
pointnet_tmax,train_clothing,len15_c2,val,subject_macro,rank1,0.954409090909091,0.005850172468084669,0.0398531913339965,3,15
pointnet_tmax,train_clothing,len15_c2,val,subject_macro,rank5,0.9941212121212121,0.0031920470502457047,0.007945174855812798,3,15
pointnet_tmax,train_clothing,len15_c2,val_c2_to_c3,query_micro,mAP,0.9159733933955431,0.012333496699778188,0.03743752520705222,3,15
pointnet_tmax,train_clothing,len15_c2,val_c2_to_c3,query_micro,rank1,0.9316666666666666,0.03138028397293787,0.062059559206369554,3,15
pointnet_tmax,train_clothing,len15_c2,val_c2_to_c3,query_micro,rank5,1.0,0.0,0.0,3,15
pointnet_tmax,train_clothing,len15_c2,val_c2_to_c3,subject_macro,mAP,0.9159733933955431,0.012333496699778188,0.03743752520705222,3,15
pointnet_tmax,train_clothing,len15_c2,val_c2_to_c3,subject_macro,rank1,0.9316666666666666,0.03138028397293787,0.062059559206369554,3,15
pointnet_tmax,train_clothing,len15_c2,val_c2_to_c3,subject_macro,rank5,1.0,0.0,0.0,3,15
pointnet_tmax,train_clothing,len15_c2,val_c3_to_c2,query_micro,mAP,0.8625893119225899,0.009134338683998126,0.060073439967998694,3,15
pointnet_tmax,train_clothing,len15_c2,val_c3_to_c2,query_micro,rank1,0.86,0.01541103500742243,0.07419007121351662,3,15
pointnet_tmax,train_clothing,len15_c2,val_c3_to_c2,query_micro,rank5,0.9758333333333334,0.010069204977995471,0.03177612660822937,3,15
pointnet_tmax,train_clothing,len15_c2,val_c3_to_c2,subject_macro,mAP,0.8625893119225899,0.009134338683998126,0.060073439967998694,3,15
pointnet_tmax,train_clothing,len15_c2,val_c3_to_c2,subject_macro,rank1,0.86,0.01541103500742243,0.07419007121351662,3,15
pointnet_tmax,train_clothing,len15_c2,val_c3_to_c2,subject_macro,rank5,0.9758333333333334,0.010069204977995471,0.03177612660822937,3,15
pointnet_tmax,train_clothing,len15_c3,diagnostic_fixed5_only_to_special,query_micro,mAP,0.7542129577369452,0.03580430557725113,0.06993632592885948,3,15
pointnet_tmax,train_clothing,len15_c3,diagnostic_fixed5_only_to_special,query_micro,rank1,0.8131147540983606,0.03543865432851321,0.08744368156919294,3,15
pointnet_tmax,train_clothing,len15_c3,diagnostic_fixed5_only_to_special,query_micro,rank5,0.9431693989071038,0.014604439448766326,0.0272639052569555,3,15
pointnet_tmax,train_clothing,len15_c3,diagnostic_fixed5_only_to_special,subject_macro,mAP,0.7366948353570463,0.02596480819023008,0.06583396966351178,3,15
pointnet_tmax,train_clothing,len15_c3,diagnostic_fixed5_only_to_special,subject_macro,rank1,0.7810019644382328,0.02408454346817678,0.0838878157676054,3,15
pointnet_tmax,train_clothing,len15_c3,diagnostic_fixed5_only_to_special,subject_macro,rank5,0.9227531330072211,0.0226714016559262,0.03889029449043164,3,15
pointnet_tmax,train_clothing,len15_c3,test_all_personal,query_micro,mAP,0.7519085330945469,0.03211592594653684,0.054936781575586076,3,15
pointnet_tmax,train_clothing,len15_c3,test_all_personal,query_micro,rank1,0.8201973647895118,0.035582526228420744,0.08048381670451021,3,15
pointnet_tmax,train_clothing,len15_c3,test_all_personal,query_micro,rank5,0.9586804115484774,0.01187751299233635,0.02268029018885726,3,15
pointnet_tmax,train_clothing,len15_c3,test_all_personal,subject_macro,mAP,0.7526036401444068,0.03166548790549244,0.05439202587432591,3,15
pointnet_tmax,train_clothing,len15_c3,test_all_personal,subject_macro,rank1,0.8206923200256533,0.03504748921283723,0.0800376877609887,3,15
pointnet_tmax,train_clothing,len15_c3,test_all_personal,subject_macro,rank5,0.9589057239057238,0.011642373536612956,0.022340599831131708,3,15
pointnet_tmax,train_clothing,len15_c3,test_fixed5_c4c5_normal,query_micro,mAP,0.6273350959142817,0.04672503381522003,0.12626325847205822,3,15
pointnet_tmax,train_clothing,len15_c3,test_fixed5_c4c5_normal,query_micro,rank1,0.6892109500805154,0.060370797750673645,0.16602871362420527,3,15
pointnet_tmax,train_clothing,len15_c3,test_fixed5_c4c5_normal,query_micro,rank5,0.8853462157809983,0.011709925257776371,0.08544884905381346,3,15
pointnet_tmax,train_clothing,len15_c3,test_fixed5_c4c5_normal,subject_macro,mAP,0.6276107482792354,0.04404059635508574,0.1246321129293251,3,15
pointnet_tmax,train_clothing,len15_c3,test_fixed5_c4c5_normal,subject_macro,rank1,0.6870823612583953,0.05594443797037249,0.16401716173288836,3,15
pointnet_tmax,train_clothing,len15_c3,test_fixed5_c4c5_normal,subject_macro,rank5,0.8823103570166136,0.011115156730314636,0.08719680824333889,3,15
pointnet_tmax,train_clothing,len15_c3,test_fixed5_c7,query_micro,mAP,0.6408875582296224,0.04987662045212703,0.0847748412629729,3,15
pointnet_tmax,train_clothing,len15_c3,test_fixed5_c7,query_micro,rank1,0.730952380952381,0.05645217509150875,0.08470302931184442,3,15
pointnet_tmax,train_clothing,len15_c3,test_fixed5_c7,query_micro,rank5,0.8947619047619048,0.006632565846278131,0.037928205241409295,3,15
pointnet_tmax,train_clothing,len15_c3,test_fixed5_c7,subject_macro,mAP,0.5677179162400878,0.047711749284881456,0.08062397694872007,3,15
pointnet_tmax,train_clothing,len15_c3,test_fixed5_c7,subject_macro,rank1,0.6319444444444444,0.05612314227451483,0.09140640662907334,3,15
pointnet_tmax,train_clothing,len15_c3,test_fixed5_c7,subject_macro,rank5,0.8275,0.016593589793116537,0.07240974586543095,3,15
pointnet_tmax,train_clothing,len15_c3,test_fixed5_to_personal,query_micro,mAP,0.7028392018313848,0.04162607131266256,0.09430417479941965,3,15
pointnet_tmax,train_clothing,len15_c3,test_fixed5_to_personal,query_micro,rank1,0.7524752475247526,0.04933303482786749,0.14734412048285223,3,15
pointnet_tmax,train_clothing,len15_c3,test_fixed5_to_personal,query_micro,rank5,0.9353135313531352,0.017809554538920202,0.04767120814592153,3,15
pointnet_tmax,train_clothing,len15_c3,test_fixed5_to_personal,subject_macro,mAP,0.7031191874751969,0.04085059112912814,0.09356840391434652,3,15
pointnet_tmax,train_clothing,len15_c3,test_fixed5_to_personal,subject_macro,rank1,0.7528888888888888,0.04834809116057474,0.1466599118900797,3,15
pointnet_tmax,train_clothing,len15_c3,test_fixed5_to_personal,subject_macro,rank5,0.9355555555555556,0.01730965299108288,0.04692982705242557,3,15
pointnet_tmax,train_clothing,len15_c3,test_fixed5_to_special,query_micro,mAP,0.6531821896760469,0.05172181551879788,0.10951697049368268,3,15
pointnet_tmax,train_clothing,len15_c3,test_fixed5_to_special,query_micro,rank1,0.7275565964090553,0.06757548464618585,0.1350394602102652,3,15
pointnet_tmax,train_clothing,len15_c3,test_fixed5_to_special,query_micro,rank5,0.9058548009367682,0.007533076085442524,0.046179597796908646,3,15
pointnet_tmax,train_clothing,len15_c3,test_fixed5_to_special,subject_macro,mAP,0.6346527295639373,0.041976092786546425,0.10564692433978495,3,15
pointnet_tmax,train_clothing,len15_c3,test_fixed5_to_special,subject_macro,rank1,0.6953881046665114,0.05330661707962491,0.12849785347693038,3,15
pointnet_tmax,train_clothing,len15_c3,test_fixed5_to_special,subject_macro,rank5,0.8766826849910707,0.006044627344645217,0.05633622902690149,3,15
pointnet_tmax,train_clothing,len15_c3,test_general_to_personal,query_micro,mAP,0.79955175004096,0.023525717180946416,0.07634218316912746,3,15
pointnet_tmax,train_clothing,len15_c3,test_general_to_personal,query_micro,rank1,0.8866470588235295,0.021794328601615162,0.0601338211404952,3,15
pointnet_tmax,train_clothing,len15_c3,test_general_to_personal,query_micro,rank5,0.9818856209150327,0.006987953665630287,0.018992964178407873,3,15
pointnet_tmax,train_clothing,len15_c3,test_general_to_personal,subject_macro,mAP,0.8005320178633838,0.023282747025427434,0.07647066508014508,3,15
pointnet_tmax,train_clothing,len15_c3,test_general_to_personal,subject_macro,rank1,0.8871818181818182,0.021538005361015355,0.060279525646119755,3,15
pointnet_tmax,train_clothing,len15_c3,test_general_to_personal,subject_macro,rank5,0.9820151515151515,0.006980130530457277,0.019033620150970317,3,15
pointnet_tmax,train_clothing,len15_c3,test_mixed_c2_to_c3,query_micro,mAP,0.8488209532973944,0.021563072908157614,0.04516682153469957,3,15
pointnet_tmax,train_clothing,len15_c3,test_mixed_c2_to_c3,query_micro,rank1,0.8855555555555555,0.0215309137500845,0.06386231331331801,3,15
pointnet_tmax,train_clothing,len15_c3,test_mixed_c2_to_c3,query_micro,rank5,0.9883333333333333,0.013123346456686344,0.025603819159562023,3,15
pointnet_tmax,train_clothing,len15_c3,test_mixed_c2_to_c3,subject_macro,mAP,0.8488209532973944,0.021563072908157614,0.04516682153469957,3,15
pointnet_tmax,train_clothing,len15_c3,test_mixed_c2_to_c3,subject_macro,rank1,0.8855555555555555,0.0215309137500845,0.06386231331331801,3,15
pointnet_tmax,train_clothing,len15_c3,test_mixed_c2_to_c3,subject_macro,rank5,0.9883333333333333,0.013123346456686344,0.025603819159562023,3,15
pointnet_tmax,train_clothing,len15_c3,test_mixed_c3_to_c2,query_micro,mAP,0.8239721255583895,0.031944769674373645,0.05227780561997803,3,15
pointnet_tmax,train_clothing,len15_c3,test_mixed_c3_to_c2,query_micro,rank1,0.8166666666666668,0.026484718786842134,0.0665121666521036,3,15
pointnet_tmax,train_clothing,len15_c3,test_mixed_c3_to_c2,query_micro,rank5,0.974074074074074,0.018682606363172673,0.035856175129600126,3,15
pointnet_tmax,train_clothing,len15_c3,test_mixed_c3_to_c2,subject_macro,mAP,0.8239721255583895,0.031944769674373645,0.05227780561997803,3,15
pointnet_tmax,train_clothing,len15_c3,test_mixed_c3_to_c2,subject_macro,rank1,0.8166666666666668,0.026484718786842134,0.0665121666521036,3,15
pointnet_tmax,train_clothing,len15_c3,test_mixed_c3_to_c2,subject_macro,rank5,0.974074074074074,0.018682606363172673,0.035856175129600126,3,15
pointnet_tmax,train_clothing,len15_c3,test_query_micro_overall,query_micro,mAP,0.6847895392003519,0.044598384781438745,0.0849846474166957,3,15
pointnet_tmax,train_clothing,len15_c3,test_query_micro_overall,query_micro,rank1,0.757041690833595,0.0563571001609023,0.10984041594365743,3,15
pointnet_tmax,train_clothing,len15_c3,test_query_micro_overall,query_micro,rank5,0.9226561760026394,0.008949378713194832,0.03656576587599564,3,15
pointnet_tmax,train_clothing,len15_c3,test_query_micro_overall,subject_macro,mAP,0.7244286283259941,0.03068052291712733,0.0524903992530984,3,15
pointnet_tmax,train_clothing,len15_c3,test_query_micro_overall,subject_macro,rank1,0.7974928958115233,0.036786712894525404,0.06557524189126658,3,15
pointnet_tmax,train_clothing,len15_c3,test_query_micro_overall,subject_macro,rank5,0.9367327356980951,0.00671728547052741,0.02481085673336067,3,15
pointnet_tmax,train_clothing,len15_c3,val,query_micro,mAP,0.9087456664609559,0.0030576324917599893,0.046027698505046934,3,15
pointnet_tmax,train_clothing,len15_c3,val,query_micro,rank1,0.9673888888888889,0.005170700966976999,0.02984116001511817,3,15
pointnet_tmax,train_clothing,len15_c3,val,query_micro,rank5,0.9960261437908496,0.0016170098434663785,0.004867311089863051,3,15
pointnet_tmax,train_clothing,len15_c3,val,subject_macro,mAP,0.9096079679090868,0.003140195175644864,0.04566433059566739,3,15
pointnet_tmax,train_clothing,len15_c3,val,subject_macro,rank1,0.9676515151515152,0.0051895653588144505,0.02967079087314071,3,15
pointnet_tmax,train_clothing,len15_c3,val,subject_macro,rank5,0.9961212121212121,0.001559355191547714,0.004758251254882546,3,15
pointnet_tmax,train_clothing,len15_c3,val_c2_to_c3,query_micro,mAP,0.9526771452526251,0.019948498594341352,0.030550927053532233,3,15
pointnet_tmax,train_clothing,len15_c3,val_c2_to_c3,query_micro,rank1,0.9766666666666667,0.020548046676563278,0.04027681991198192,3,15
pointnet_tmax,train_clothing,len15_c3,val_c2_to_c3,query_micro,rank5,1.0,0.0,0.0,3,15
pointnet_tmax,train_clothing,len15_c3,val_c2_to_c3,subject_macro,mAP,0.9526771452526251,0.019948498594341352,0.030550927053532233,3,15
pointnet_tmax,train_clothing,len15_c3,val_c2_to_c3,subject_macro,rank1,0.9766666666666667,0.020548046676563278,0.04027681991198192,3,15
pointnet_tmax,train_clothing,len15_c3,val_c2_to_c3,subject_macro,rank5,1.0,0.0,0.0,3,15
pointnet_tmax,train_clothing,len15_c3,val_c3_to_c2,query_micro,mAP,0.8988069928934177,0.021320141241586342,0.06569843392887353,3,15
pointnet_tmax,train_clothing,len15_c3,val_c3_to_c2,query_micro,rank1,0.9091666666666667,0.02124591463996991,0.08949705147222572,3,15
pointnet_tmax,train_clothing,len15_c3,val_c3_to_c2,query_micro,rank5,0.9966666666666667,0.004714045207910321,0.012472191289246483,3,15
pointnet_tmax,train_clothing,len15_c3,val_c3_to_c2,subject_macro,mAP,0.8988069928934177,0.021320141241586342,0.06569843392887353,3,15
pointnet_tmax,train_clothing,len15_c3,val_c3_to_c2,subject_macro,rank1,0.9091666666666667,0.02124591463996991,0.08949705147222572,3,15
pointnet_tmax,train_clothing,len15_c3,val_c3_to_c2,subject_macro,rank5,0.9966666666666667,0.004714045207910321,0.012472191289246483,3,15
pointnet_tmax,train_video_count,len15_16videos_per_id,diagnostic_fixed5_only_to_special,query_micro,mAP,0.7620699479117419,0.030844155033817083,0.05206665752417199,3,15
pointnet_tmax,train_video_count,len15_16videos_per_id,diagnostic_fixed5_only_to_special,query_micro,rank1,0.8015612802498048,0.01198632175966857,0.061561579200787975,3,15
pointnet_tmax,train_video_count,len15_16videos_per_id,diagnostic_fixed5_only_to_special,query_micro,rank5,0.9214676034348166,0.0091890329240045,0.030783759161692792,3,15
pointnet_tmax,train_video_count,len15_16videos_per_id,diagnostic_fixed5_only_to_special,subject_macro,mAP,0.7387441946548409,0.02221417593235081,0.049108659435501446,3,15
pointnet_tmax,train_video_count,len15_16videos_per_id,diagnostic_fixed5_only_to_special,subject_macro,rank1,0.7639792297538629,0.009343886466582053,0.06263030026196266,3,15
pointnet_tmax,train_video_count,len15_16videos_per_id,diagnostic_fixed5_only_to_special,subject_macro,rank5,0.8925863654010405,0.014623955758905157,0.04256112650142675,3,15
pointnet_tmax,train_video_count,len15_16videos_per_id,test_all_personal,query_micro,mAP,0.7576647562784841,0.019578717655480752,0.054616655752698265,3,15
pointnet_tmax,train_video_count,len15_16videos_per_id,test_all_personal,query_micro,rank1,0.8095221034419119,0.012141569703504971,0.05289533612772154,3,15
pointnet_tmax,train_video_count,len15_16videos_per_id,test_all_personal,query_micro,rank5,0.9415044726652054,0.010321461354727562,0.024696182305495636,3,15
pointnet_tmax,train_video_count,len15_16videos_per_id,test_all_personal,subject_macro,mAP,0.7577044813812152,0.019468957987203966,0.05414349553579531,3,15
pointnet_tmax,train_video_count,len15_16videos_per_id,test_all_personal,subject_macro,rank1,0.8094102934102935,0.012121464891964175,0.05296328653537961,3,15
pointnet_tmax,train_video_count,len15_16videos_per_id,test_all_personal,subject_macro,rank5,0.9414478114478114,0.010446211684836568,0.024800897000902572,3,15
pointnet_tmax,train_video_count,len15_16videos_per_id,test_fixed5_c4c5_normal,query_micro,mAP,0.6435481972044601,0.03229250420283765,0.09569295117786174,3,15
pointnet_tmax,train_video_count,len15_16videos_per_id,test_fixed5_c4c5_normal,query_micro,rank1,0.7017713365539452,0.021010636303124136,0.11054911666563574,3,15
pointnet_tmax,train_video_count,len15_16videos_per_id,test_fixed5_c4c5_normal,query_micro,rank5,0.8824476650563607,0.021724215077668307,0.05852304705185112,3,15
pointnet_tmax,train_video_count,len15_16videos_per_id,test_fixed5_c4c5_normal,subject_macro,mAP,0.6415161858888013,0.029831755633383573,0.09411662790130339,3,15
pointnet_tmax,train_video_count,len15_16videos_per_id,test_fixed5_c4c5_normal,subject_macro,rank1,0.697638034641216,0.01851067950105634,0.10835791697822836,3,15
pointnet_tmax,train_video_count,len15_16videos_per_id,test_fixed5_c4c5_normal,subject_macro,rank5,0.8788603746907034,0.02298379144260555,0.06034839689470409,3,15
pointnet_tmax,train_video_count,len15_16videos_per_id,test_fixed5_c7,query_micro,mAP,0.6242870994657278,0.03442506798420707,0.08310651170467401,3,15
pointnet_tmax,train_video_count,len15_16videos_per_id,test_fixed5_c7,query_micro,rank1,0.6747619047619048,0.04094684347943932,0.10131337075120204,3,15
pointnet_tmax,train_video_count,len15_16videos_per_id,test_fixed5_c7,query_micro,rank5,0.8571428571428571,0.009258200997725471,0.03309438162646487,3,15
pointnet_tmax,train_video_count,len15_16videos_per_id,test_fixed5_c7,subject_macro,mAP,0.5465521034805311,0.03349838833924808,0.06945627115345757,3,15
pointnet_tmax,train_video_count,len15_16videos_per_id,test_fixed5_c7,subject_macro,rank1,0.5751388888888889,0.04829540338018019,0.09911491024108715,3,15
pointnet_tmax,train_video_count,len15_16videos_per_id,test_fixed5_c7,subject_macro,rank5,0.7691666666666667,0.016938751320457378,0.05314310693603467,3,15
pointnet_tmax,train_video_count,len15_16videos_per_id,test_fixed5_to_personal,query_micro,mAP,0.6927254523872935,0.019043013721528525,0.08549286627921643,3,15
pointnet_tmax,train_video_count,len15_16videos_per_id,test_fixed5_to_personal,query_micro,rank1,0.7194719471947195,0.008904777269460101,0.094322485427835,3,15
pointnet_tmax,train_video_count,len15_16videos_per_id,test_fixed5_to_personal,query_micro,rank5,0.9122112211221122,0.018739365764459854,0.0371986872702452,3,15
pointnet_tmax,train_video_count,len15_16videos_per_id,test_fixed5_to_personal,subject_macro,mAP,0.6917501997862544,0.01886180964136729,0.08501768044719929,3,15
pointnet_tmax,train_video_count,len15_16videos_per_id,test_fixed5_to_personal,subject_macro,rank1,0.7187936507936508,0.00836699173947577,0.09402993471134126,3,15
pointnet_tmax,train_video_count,len15_16videos_per_id,test_fixed5_to_personal,subject_macro,rank5,0.9117777777777777,0.01890251609279695,0.03741595436061397,3,15
pointnet_tmax,train_video_count,len15_16videos_per_id,test_fixed5_to_special,query_micro,mAP,0.6579691750662667,0.04021796454642081,0.08680179660649388,3,15
pointnet_tmax,train_video_count,len15_16videos_per_id,test_fixed5_to_special,query_micro,rank1,0.7158469945355191,0.0339577557043867,0.09246154203689241,3,15
pointnet_tmax,train_video_count,len15_16videos_per_id,test_fixed5_to_special,query_micro,rank5,0.892271662763466,0.009305020718658153,0.03137357601935588,3,15
pointnet_tmax,train_video_count,len15_16videos_per_id,test_fixed5_to_special,subject_macro,mAP,0.6344474073160442,0.030814414682360628,0.08093953611016426,3,15
pointnet_tmax,train_video_count,len15_16videos_per_id,test_fixed5_to_special,subject_macro,rank1,0.6797256852240081,0.023244684915712504,0.0839028438885341,3,15
pointnet_tmax,train_video_count,len15_16videos_per_id,test_fixed5_to_special,subject_macro,rank5,0.8593256929885861,0.016635656765706507,0.04265703337410008,3,15
pointnet_tmax,train_video_count,len15_16videos_per_id,test_general_to_personal,query_micro,mAP,0.823254437619175,0.025345957511754783,0.06636066998241627,3,15
pointnet_tmax,train_video_count,len15_16videos_per_id,test_general_to_personal,query_micro,rank1,0.901235294117647,0.02251605006596082,0.07498356477618034,3,15
pointnet_tmax,train_video_count,len15_16videos_per_id,test_general_to_personal,query_micro,rank5,0.9716045751633987,0.0022821644540307073,0.034555063841596984,3,15
pointnet_tmax,train_video_count,len15_16videos_per_id,test_general_to_personal,subject_macro,mAP,0.8242242640843896,0.025180759337882937,0.06643799725722954,3,15
pointnet_tmax,train_video_count,len15_16videos_per_id,test_general_to_personal,subject_macro,rank1,0.9015454545454545,0.022504024739512386,0.0749901830122408,3,15
pointnet_tmax,train_video_count,len15_16videos_per_id,test_general_to_personal,subject_macro,rank5,0.9718030303030304,0.0024087573620821265,0.03454310863911395,3,15
pointnet_tmax,train_video_count,len15_16videos_per_id,test_mixed_c2_to_c3,query_micro,mAP,0.8801911943874977,0.019572847548461784,0.0391488077992664,3,15
pointnet_tmax,train_video_count,len15_16videos_per_id,test_mixed_c2_to_c3,query_micro,rank1,0.9307407407407408,0.018644019183189958,0.04182644263088848,3,15
pointnet_tmax,train_video_count,len15_16videos_per_id,test_mixed_c2_to_c3,query_micro,rank5,0.9883333333333333,0.008498365855987946,0.03009245014211297,3,15
pointnet_tmax,train_video_count,len15_16videos_per_id,test_mixed_c2_to_c3,subject_macro,mAP,0.8801911943874977,0.019572847548461784,0.0391488077992664,3,15
pointnet_tmax,train_video_count,len15_16videos_per_id,test_mixed_c2_to_c3,subject_macro,rank1,0.9307407407407408,0.018644019183189958,0.04182644263088848,3,15
pointnet_tmax,train_video_count,len15_16videos_per_id,test_mixed_c2_to_c3,subject_macro,rank5,0.9883333333333333,0.008498365855987946,0.03009245014211297,3,15
pointnet_tmax,train_video_count,len15_16videos_per_id,test_mixed_c3_to_c2,query_micro,mAP,0.8630622653359615,0.017748494435421727,0.052154312039068645,3,15
pointnet_tmax,train_video_count,len15_16videos_per_id,test_mixed_c3_to_c2,query_micro,rank1,0.8818518518518519,0.02295250657987135,0.06665020372860439,3,15
pointnet_tmax,train_video_count,len15_16videos_per_id,test_mixed_c3_to_c2,query_micro,rank5,0.9748148148148149,0.014013025490661161,0.030284431254458708,3,15
pointnet_tmax,train_video_count,len15_16videos_per_id,test_mixed_c3_to_c2,subject_macro,mAP,0.8630622653359615,0.017748494435421727,0.052154312039068645,3,15
pointnet_tmax,train_video_count,len15_16videos_per_id,test_mixed_c3_to_c2,subject_macro,rank1,0.8818518518518519,0.02295250657987135,0.06665020372860439,3,15
pointnet_tmax,train_video_count,len15_16videos_per_id,test_mixed_c3_to_c2,subject_macro,rank5,0.9748148148148149,0.014013025490661161,0.030284431254458708,3,15
pointnet_tmax,train_video_count,len15_16videos_per_id,test_query_micro_overall,query_micro,mAP,0.6896789933584994,0.03148843823640731,0.07338048529342535,3,15
pointnet_tmax,train_video_count,len15_16videos_per_id,test_query_micro_overall,query_micro,rank1,0.7456876754873738,0.02521220084774549,0.07386465083934386,3,15
pointnet_tmax,train_video_count,len15_16videos_per_id,test_query_micro_overall,query_micro,rank5,0.9078634728186353,0.009029909687906498,0.027888029216710485,3,15
pointnet_tmax,train_video_count,len15_16videos_per_id,test_query_micro_overall,subject_macro,mAP,0.733892348036564,0.020661934310828325,0.0548175722106817,3,15
pointnet_tmax,train_video_count,len15_16videos_per_id,test_query_micro_overall,subject_macro,rank1,0.7939887299701026,0.015062047002308612,0.05099029574857917,3,15
pointnet_tmax,train_video_count,len15_16videos_per_id,test_query_micro_overall,subject_macro,rank5,0.9216250272724128,0.009109823695774046,0.029011795175399487,3,15
pointnet_tmax,train_video_count,len15_16videos_per_id,val,query_micro,mAP,0.9051695810059707,0.012052290586861247,0.04186489324035819,3,15
pointnet_tmax,train_video_count,len15_16videos_per_id,val,query_micro,rank1,0.953937908496732,0.011604089696694119,0.03626710605713051,3,15
pointnet_tmax,train_video_count,len15_16videos_per_id,val,query_micro,rank5,0.9878856209150326,0.004262021793272399,0.013245322594607733,3,15
pointnet_tmax,train_video_count,len15_16videos_per_id,val,subject_macro,mAP,0.9059198235625571,0.011752605411637852,0.04165274248370688,3,15
pointnet_tmax,train_video_count,len15_16videos_per_id,val,subject_macro,rank1,0.9540151515151515,0.011635673117138028,0.036326464586920064,3,15
pointnet_tmax,train_video_count,len15_16videos_per_id,val,subject_macro,rank5,0.9880151515151515,0.004249182927993933,0.013245007029176645,3,15
pointnet_tmax,train_video_count,len15_16videos_per_id,val_c2_to_c3,query_micro,mAP,0.953815101335446,0.016905317343096447,0.02475917786013147,3,15
pointnet_tmax,train_video_count,len15_16videos_per_id,val_c2_to_c3,query_micro,rank1,0.9758333333333334,0.02044640691064218,0.040943728321794166,3,15
pointnet_tmax,train_video_count,len15_16videos_per_id,val_c2_to_c3,query_micro,rank5,1.0,0.0,0.0,3,15
pointnet_tmax,train_video_count,len15_16videos_per_id,val_c2_to_c3,subject_macro,mAP,0.953815101335446,0.016905317343096447,0.02475917786013147,3,15
pointnet_tmax,train_video_count,len15_16videos_per_id,val_c2_to_c3,subject_macro,rank1,0.9758333333333334,0.02044640691064218,0.040943728321794166,3,15
pointnet_tmax,train_video_count,len15_16videos_per_id,val_c2_to_c3,subject_macro,rank5,1.0,0.0,0.0,3,15
pointnet_tmax,train_video_count,len15_16videos_per_id,val_c3_to_c2,query_micro,mAP,0.9278364039957522,0.013671367902366977,0.04830305892142574,3,15
pointnet_tmax,train_video_count,len15_16videos_per_id,val_c3_to_c2,query_micro,rank1,0.9400000000000001,0.008164965809277223,0.07348469228349534,3,15
pointnet_tmax,train_video_count,len15_16videos_per_id,val_c3_to_c2,query_micro,rank5,0.9966666666666667,0.004714045207910321,0.012472191289246483,3,15
pointnet_tmax,train_video_count,len15_16videos_per_id,val_c3_to_c2,subject_macro,mAP,0.9278364039957522,0.013671367902366977,0.04830305892142574,3,15
pointnet_tmax,train_video_count,len15_16videos_per_id,val_c3_to_c2,subject_macro,rank1,0.9400000000000001,0.008164965809277223,0.07348469228349534,3,15
pointnet_tmax,train_video_count,len15_16videos_per_id,val_c3_to_c2,subject_macro,rank5,0.9966666666666667,0.004714045207910321,0.012472191289246483,3,15
pointnet_tmax,train_video_count,len15_2videos_per_id,diagnostic_fixed5_only_to_special,query_micro,mAP,0.32150608626871163,0.009193369056633932,0.011265890856501,3,15
pointnet_tmax,train_video_count,len15_2videos_per_id,diagnostic_fixed5_only_to_special,query_micro,rank1,0.4499609679937549,0.01873666401936013,0.03750843795731091,3,15
pointnet_tmax,train_video_count,len15_2videos_per_id,diagnostic_fixed5_only_to_special,query_micro,rank5,0.8401249024199844,0.01794317926439795,0.02669469647754061,3,15
pointnet_tmax,train_video_count,len15_2videos_per_id,diagnostic_fixed5_only_to_special,subject_macro,mAP,0.31993509697273326,0.007699633380810686,0.009331487991444348,3,15
pointnet_tmax,train_video_count,len15_2videos_per_id,diagnostic_fixed5_only_to_special,subject_macro,rank1,0.44406178274710767,0.023949714306968736,0.04027668222721696,3,15
pointnet_tmax,train_video_count,len15_2videos_per_id,diagnostic_fixed5_only_to_special,subject_macro,rank5,0.8399835313300722,0.020437086323837478,0.029035061375705145,3,15
pointnet_tmax,train_video_count,len15_2videos_per_id,test_all_personal,query_micro,mAP,0.23788859237982332,0.012623468932283832,0.016765263396857046,3,15
pointnet_tmax,train_video_count,len15_2videos_per_id,test_all_personal,query_micro,rank1,0.4118958681630178,0.046099398341295846,0.053947471496636173,3,15
pointnet_tmax,train_video_count,len15_2videos_per_id,test_all_personal,query_micro,rank5,0.7330940214963612,0.026211215496153444,0.03667829268277962,3,15
pointnet_tmax,train_video_count,len15_2videos_per_id,test_all_personal,subject_macro,mAP,0.23775714264756329,0.012486492636922215,0.016671219701363822,3,15
pointnet_tmax,train_video_count,len15_2videos_per_id,test_all_personal,subject_macro,rank1,0.41089417989417987,0.04574949603785825,0.05370053789772076,3,15
pointnet_tmax,train_video_count,len15_2videos_per_id,test_all_personal,subject_macro,rank5,0.7322445085778418,0.02608763310443932,0.03662821667851003,3,15
pointnet_tmax,train_video_count,len15_2videos_per_id,test_fixed5_c4c5_normal,query_micro,mAP,0.21227023224323846,0.0053403815799509015,0.013059670423379818,3,15
pointnet_tmax,train_video_count,len15_2videos_per_id,test_fixed5_c4c5_normal,query_micro,rank1,0.3243156199677939,0.026263295378905135,0.051455260110715814,3,15
pointnet_tmax,train_video_count,len15_2videos_per_id,test_fixed5_c4c5_normal,query_micro,rank5,0.7098228663446055,0.03310814112952373,0.04886847468828511,3,15
pointnet_tmax,train_video_count,len15_2videos_per_id,test_fixed5_c4c5_normal,subject_macro,mAP,0.2101282164195889,0.0051588924613958816,0.012871789744284698,3,15
pointnet_tmax,train_video_count,len15_2videos_per_id,test_fixed5_c4c5_normal,subject_macro,rank1,0.3193746907034288,0.02562676491621966,0.051510123922171545,3,15
pointnet_tmax,train_video_count,len15_2videos_per_id,test_fixed5_c4c5_normal,subject_macro,rank5,0.705012371862849,0.034358208744831024,0.05071952073096794,3,15
pointnet_tmax,train_video_count,len15_2videos_per_id,test_fixed5_c7,query_micro,mAP,0.21839139223098755,0.007590022409427666,0.016160778290506484,3,15
pointnet_tmax,train_video_count,len15_2videos_per_id,test_fixed5_c7,query_micro,rank1,0.3304761904761905,0.01583646585553895,0.046908991832475246,3,15
pointnet_tmax,train_video_count,len15_2videos_per_id,test_fixed5_c7,query_micro,rank5,0.719047619047619,0.040107565122372485,0.06575912893696778,3,15
pointnet_tmax,train_video_count,len15_2videos_per_id,test_fixed5_c7,subject_macro,mAP,0.23520718801766635,0.006620144601657301,0.018730118493700085,3,15
pointnet_tmax,train_video_count,len15_2videos_per_id,test_fixed5_c7,subject_macro,rank1,0.36097222222222225,0.01114058590564195,0.05121479519546652,3,15
pointnet_tmax,train_video_count,len15_2videos_per_id,test_fixed5_c7,subject_macro,rank5,0.741111111111111,0.03311793833417431,0.05992118022457645,3,15
pointnet_tmax,train_video_count,len15_2videos_per_id,test_fixed5_to_personal,query_micro,mAP,0.24849726474127753,0.019058468051937297,0.023322449663993737,3,15
pointnet_tmax,train_video_count,len15_2videos_per_id,test_fixed5_to_personal,query_micro,rank1,0.4171617161716172,0.06467973292875961,0.0749574630578397,3,15
pointnet_tmax,train_video_count,len15_2videos_per_id,test_fixed5_to_personal,query_micro,rank5,0.7775577557755776,0.037583210153100385,0.05149361020420352,3,15
pointnet_tmax,train_video_count,len15_2videos_per_id,test_fixed5_to_personal,subject_macro,mAP,0.24844837650987836,0.018797401693483245,0.02318367572038713,3,15
pointnet_tmax,train_video_count,len15_2videos_per_id,test_fixed5_to_personal,subject_macro,rank1,0.4156190476190476,0.0639990551706524,0.07457213808983548,3,15
pointnet_tmax,train_video_count,len15_2videos_per_id,test_fixed5_to_personal,subject_macro,rank5,0.7761587301587302,0.03756506742644474,0.05155670887755254,3,15
pointnet_tmax,train_video_count,len15_2videos_per_id,test_fixed5_to_special,query_micro,mAP,0.21200712181272963,0.006112216962994984,0.013899346509288701,3,15
pointnet_tmax,train_video_count,len15_2videos_per_id,test_fixed5_to_special,query_micro,rank1,0.32365339578454333,0.018216869158808553,0.041729139599638636,3,15
pointnet_tmax,train_video_count,len15_2videos_per_id,test_fixed5_to_special,query_micro,rank5,0.7019516003122561,0.03405452512851373,0.045975395717948585,3,15
pointnet_tmax,train_video_count,len15_2videos_per_id,test_fixed5_to_special,subject_macro,mAP,0.2111634742526806,0.0051905583626903245,0.013585169537241315,3,15
pointnet_tmax,train_video_count,len15_2videos_per_id,test_fixed5_to_special,subject_macro,rank1,0.32050580790434036,0.021043063509880548,0.0458446864304672,3,15
pointnet_tmax,train_video_count,len15_2videos_per_id,test_fixed5_to_special,subject_macro,rank5,0.6970169500737634,0.03843663110121669,0.05140820096140255,3,15
pointnet_tmax,train_video_count,len15_2videos_per_id,test_general_to_personal,query_micro,mAP,0.22625340097855315,0.008104706544034758,0.018000330699955464,3,15
pointnet_tmax,train_video_count,len15_2videos_per_id,test_general_to_personal,query_micro,rank1,0.40545424836601307,0.03196307916430776,0.04756967231105814,3,15
pointnet_tmax,train_video_count,len15_2videos_per_id,test_general_to_personal,query_micro,rank5,0.6857385620915033,0.0144488658834983,0.04675081138959927,3,15
pointnet_tmax,train_video_count,len15_2videos_per_id,test_general_to_personal,subject_macro,mAP,0.22616499366882173,0.00810537724469331,0.017889007979216526,3,15
pointnet_tmax,train_video_count,len15_2videos_per_id,test_general_to_personal,subject_macro,rank1,0.4051666666666667,0.03221709531423783,0.04765531853588493,3,15
pointnet_tmax,train_video_count,len15_2videos_per_id,test_general_to_personal,subject_macro,rank5,0.6858787878787879,0.014249079682877756,0.046905102210812795,3,15
pointnet_tmax,train_video_count,len15_2videos_per_id,test_mixed_c2_to_c3,query_micro,mAP,0.28121095746065733,0.006167668705272946,0.021262272079769617,3,15
pointnet_tmax,train_video_count,len15_2videos_per_id,test_mixed_c2_to_c3,query_micro,rank1,0.40111111111111114,0.010724764618940943,0.040327874337233185,3,15
pointnet_tmax,train_video_count,len15_2videos_per_id,test_mixed_c2_to_c3,query_micro,rank5,0.64,0.00840096016460281,0.04252571238664638,3,15
pointnet_tmax,train_video_count,len15_2videos_per_id,test_mixed_c2_to_c3,subject_macro,mAP,0.28110297075714225,0.00585017978172784,0.0217164746386336,3,15
pointnet_tmax,train_video_count,len15_2videos_per_id,test_mixed_c2_to_c3,subject_macro,rank1,0.39944444444444444,0.008935065245788743,0.04085254020440177,3,15
pointnet_tmax,train_video_count,len15_2videos_per_id,test_mixed_c2_to_c3,subject_macro,rank5,0.6433333333333333,0.010896067172856043,0.041198605593887015,3,15
pointnet_tmax,train_video_count,len15_2videos_per_id,test_mixed_c3_to_c2,query_micro,mAP,0.2751541716977954,0.008841762369870944,0.02133088508433268,3,15
pointnet_tmax,train_video_count,len15_2videos_per_id,test_mixed_c3_to_c2,query_micro,rank1,0.33666666666666667,0.022662308949301276,0.07150066908087185,3,15
pointnet_tmax,train_video_count,len15_2videos_per_id,test_mixed_c3_to_c2,query_micro,rank5,0.6098148148148148,0.02452987316804964,0.06379515399719148,3,15
pointnet_tmax,train_video_count,len15_2videos_per_id,test_mixed_c3_to_c2,subject_macro,mAP,0.27541800707578656,0.008955810840426553,0.02134446883341711,3,15
pointnet_tmax,train_video_count,len15_2videos_per_id,test_mixed_c3_to_c2,subject_macro,rank1,0.3383333333333333,0.02435590024086998,0.07208105862392476,3,15
pointnet_tmax,train_video_count,len15_2videos_per_id,test_mixed_c3_to_c2,subject_macro,rank5,0.6131481481481481,0.023117757828632957,0.06252955405498667,3,15
pointnet_tmax,train_video_count,len15_2videos_per_id,test_query_micro_overall,query_micro,mAP,0.22025459502564868,0.007206331966697698,0.012797698571706153,3,15
pointnet_tmax,train_video_count,len15_2videos_per_id,test_query_micro_overall,query_micro,rank1,0.35179417049346656,0.026729016197517018,0.04003022000951784,3,15
pointnet_tmax,train_video_count,len15_2videos_per_id,test_query_micro_overall,query_micro,rank5,0.7118896099058687,0.03154623658637042,0.04118664399461563,3,15
pointnet_tmax,train_video_count,len15_2videos_per_id,test_query_micro_overall,subject_macro,mAP,0.22254032913988944,0.007333272297527094,0.012392749287373,3,15
pointnet_tmax,train_video_count,len15_2videos_per_id,test_query_micro_overall,subject_macro,rank1,0.3719016011342809,0.029243596267443196,0.03858087789151455,3,15
pointnet_tmax,train_video_count,len15_2videos_per_id,test_query_micro_overall,subject_macro,rank5,0.700212465143184,0.026352011871284442,0.03948188987014586,3,15
pointnet_tmax,train_video_count,len15_2videos_per_id,val,query_micro,mAP,0.3872628652728558,0.007497418967193924,0.03645632307592643,3,15
pointnet_tmax,train_video_count,len15_2videos_per_id,val,query_micro,rank1,0.5758366013071896,0.03455787309992693,0.0655228834775801,3,15
pointnet_tmax,train_video_count,len15_2videos_per_id,val,query_micro,rank5,0.8553562091503268,0.00671853302257861,0.027301122623619167,3,15
pointnet_tmax,train_video_count,len15_2videos_per_id,val,subject_macro,mAP,0.38685475417587795,0.007618010962548487,0.03617010118798976,3,15
pointnet_tmax,train_video_count,len15_2videos_per_id,val,subject_macro,rank1,0.5751818181818181,0.03405211934602488,0.06435921701999642,3,15
pointnet_tmax,train_video_count,len15_2videos_per_id,val,subject_macro,rank5,0.8565757575757575,0.005667719882677955,0.025529579164272696,3,15
pointnet_tmax,train_video_count,len15_2videos_per_id,val_c2_to_c3,query_micro,mAP,0.40268307755390803,0.01276449230678986,0.029599469023851976,3,15
pointnet_tmax,train_video_count,len15_2videos_per_id,val_c2_to_c3,query_micro,rank1,0.46166666666666667,0.023481671339342307,0.07725319123217861,3,15
pointnet_tmax,train_video_count,len15_2videos_per_id,val_c2_to_c3,query_micro,rank5,0.8366666666666666,0.023921166824012144,0.08003471469028646,3,15
pointnet_tmax,train_video_count,len15_2videos_per_id,val_c2_to_c3,subject_macro,mAP,0.40268307755390803,0.01276449230678986,0.029599469023851976,3,15
pointnet_tmax,train_video_count,len15_2videos_per_id,val_c2_to_c3,subject_macro,rank1,0.46166666666666667,0.023481671339342307,0.07725319123217861,3,15
pointnet_tmax,train_video_count,len15_2videos_per_id,val_c2_to_c3,subject_macro,rank5,0.8366666666666666,0.023921166824012144,0.08003471469028646,3,15
pointnet_tmax,train_video_count,len15_2videos_per_id,val_c3_to_c2,query_micro,mAP,0.4122936118642489,0.009406707651780444,0.03583574679290959,3,15
pointnet_tmax,train_video_count,len15_2videos_per_id,val_c3_to_c2,query_micro,rank1,0.45083333333333336,0.026562295750848737,0.09458975749108477,3,15
pointnet_tmax,train_video_count,len15_2videos_per_id,val_c3_to_c2,query_micro,rank5,0.8291666666666666,0.004714045207910269,0.0389087250997625,3,15
pointnet_tmax,train_video_count,len15_2videos_per_id,val_c3_to_c2,subject_macro,mAP,0.4122936118642489,0.009406707651780444,0.03583574679290959,3,15
pointnet_tmax,train_video_count,len15_2videos_per_id,val_c3_to_c2,subject_macro,rank1,0.45083333333333336,0.026562295750848737,0.09458975749108477,3,15
pointnet_tmax,train_video_count,len15_2videos_per_id,val_c3_to_c2,subject_macro,rank5,0.8291666666666666,0.004714045207910269,0.0389087250997625,3,15
pointnet_tmax,train_video_count,len15_4videos_per_id,diagnostic_fixed5_only_to_special,query_micro,mAP,0.43741190337418207,0.003966415001171188,0.017307914070394788,3,15
pointnet_tmax,train_video_count,len15_4videos_per_id,diagnostic_fixed5_only_to_special,query_micro,rank1,0.7277127244340359,0.012604860510188606,0.04987404616679286,3,15
pointnet_tmax,train_video_count,len15_4videos_per_id,diagnostic_fixed5_only_to_special,query_micro,rank5,0.9537861046057768,0.00902036335716114,0.02379813141660873,3,15
pointnet_tmax,train_video_count,len15_4videos_per_id,diagnostic_fixed5_only_to_special,subject_macro,mAP,0.4244379712156377,0.0006132466665681241,0.01678663722251831,3,15
pointnet_tmax,train_video_count,len15_4videos_per_id,diagnostic_fixed5_only_to_special,subject_macro,rank1,0.7011476512151565,0.01449810307175732,0.05491090397445553,3,15
pointnet_tmax,train_video_count,len15_4videos_per_id,diagnostic_fixed5_only_to_special,subject_macro,rank5,0.9388170743070114,0.015300009366037343,0.03206202488685531,3,15
pointnet_tmax,train_video_count,len15_4videos_per_id,test_all_personal,query_micro,mAP,0.34588329566284765,0.015580242177205406,0.023594484803581225,3,15
pointnet_tmax,train_video_count,len15_4videos_per_id,test_all_personal,query_micro,rank1,0.5780402977446907,0.026736642845205633,0.05072634786382224,3,15
pointnet_tmax,train_video_count,len15_4videos_per_id,test_all_personal,query_micro,rank5,0.8333840779861771,0.0040286618883859735,0.03397990052991099,3,15
pointnet_tmax,train_video_count,len15_4videos_per_id,test_all_personal,subject_macro,mAP,0.34542832923015876,0.015497630532993486,0.023575273524073268,3,15
pointnet_tmax,train_video_count,len15_4videos_per_id,test_all_personal,subject_macro,rank1,0.5769323392656726,0.02658835133205919,0.050710075067790905,3,15
pointnet_tmax,train_video_count,len15_4videos_per_id,test_all_personal,subject_macro,rank5,0.8328725348725349,0.003990061262650457,0.03419582181934874,3,15
pointnet_tmax,train_video_count,len15_4videos_per_id,test_fixed5_c4c5_normal,query_micro,mAP,0.3102044093532071,0.003875355009572727,0.030461284434848836,3,15
pointnet_tmax,train_video_count,len15_4videos_per_id,test_fixed5_c4c5_normal,query_micro,rank1,0.5851851851851851,0.013603035157451112,0.08058354595431379,3,15
pointnet_tmax,train_video_count,len15_4videos_per_id,test_fixed5_c4c5_normal,query_micro,rank5,0.8640901771336553,0.02645218576280976,0.05696569705793057,3,15
pointnet_tmax,train_video_count,len15_4videos_per_id,test_fixed5_c4c5_normal,subject_macro,mAP,0.30679269053906294,0.0035546142006057206,0.029769113013936168,3,15
pointnet_tmax,train_video_count,len15_4videos_per_id,test_fixed5_c4c5_normal,subject_macro,rank1,0.5804962884411453,0.015615396643119001,0.08257410570270764,3,15
pointnet_tmax,train_video_count,len15_4videos_per_id,test_fixed5_c4c5_normal,subject_macro,rank5,0.8615199717214562,0.028556463669562375,0.05880323246312649,3,15
pointnet_tmax,train_video_count,len15_4videos_per_id,test_fixed5_c7,query_micro,mAP,0.3373081747619879,0.016728648784711617,0.03374283182018867,3,15
pointnet_tmax,train_video_count,len15_4videos_per_id,test_fixed5_c7,query_micro,rank1,0.6028571428571429,0.017496355305594114,0.07553888037944163,3,15
pointnet_tmax,train_video_count,len15_4videos_per_id,test_fixed5_c7,query_micro,rank5,0.870952380952381,0.005985621471417457,0.040445366414449666,3,15
pointnet_tmax,train_video_count,len15_4videos_per_id,test_fixed5_c7,subject_macro,mAP,0.3326875001533578,0.00673038823785707,0.03589348401816547,3,15
pointnet_tmax,train_video_count,len15_4videos_per_id,test_fixed5_c7,subject_macro,rank1,0.5645833333333333,0.016801537628046634,0.08537770113941845,3,15
pointnet_tmax,train_video_count,len15_4videos_per_id,test_fixed5_c7,subject_macro,rank5,0.8262499999999999,0.01550462893843376,0.05508726242500603,3,15
pointnet_tmax,train_video_count,len15_4videos_per_id,test_fixed5_to_personal,query_micro,mAP,0.33429815250359746,0.010441112640524648,0.029481989115297196,3,15
pointnet_tmax,train_video_count,len15_4videos_per_id,test_fixed5_to_personal,query_micro,rank1,0.5511551155115512,0.022654788517135968,0.0677974870764823,3,15
pointnet_tmax,train_video_count,len15_4videos_per_id,test_fixed5_to_personal,query_micro,rank5,0.8435643564356438,0.00704757640398107,0.042807710540174154,3,15
pointnet_tmax,train_video_count,len15_4videos_per_id,test_fixed5_to_personal,subject_macro,mAP,0.3338467210569079,0.010290308286179226,0.029362695631655746,3,15
pointnet_tmax,train_video_count,len15_4videos_per_id,test_fixed5_to_personal,subject_macro,rank1,0.5492698412698412,0.021891277192817648,0.06763801805582814,3,15
pointnet_tmax,train_video_count,len15_4videos_per_id,test_fixed5_to_personal,subject_macro,rank5,0.8423809523809523,0.006975608080137423,0.04319093995305872,3,15
pointnet_tmax,train_video_count,len15_4videos_per_id,test_fixed5_to_special,query_micro,mAP,0.3232772970750963,0.00699425852076301,0.029167586527344646,3,15
pointnet_tmax,train_video_count,len15_4videos_per_id,test_fixed5_to_special,query_micro,rank1,0.6107728337236534,0.011892406021884183,0.07010235252056325,3,15
pointnet_tmax,train_video_count,len15_4videos_per_id,test_fixed5_to_special,query_micro,rank5,0.8797814207650273,0.016636245127209973,0.042255639665025324,3,15
pointnet_tmax,train_video_count,len15_4videos_per_id,test_fixed5_to_special,subject_macro,mAP,0.3099433625600852,0.0031804034067895084,0.027389303993344015,3,15
pointnet_tmax,train_video_count,len15_4videos_per_id,test_fixed5_to_special,subject_macro,rank1,0.581577544840438,0.01130172730426461,0.07511315494481728,3,15
pointnet_tmax,train_video_count,len15_4videos_per_id,test_fixed5_to_special,subject_macro,rank5,0.8581529155990372,0.02528579922182612,0.05116558681225943,3,15
pointnet_tmax,train_video_count,len15_4videos_per_id,test_general_to_personal,query_micro,mAP,0.357522400387922,0.02101988823831176,0.031060923463520906,3,15
pointnet_tmax,train_video_count,len15_4videos_per_id,test_general_to_personal,query_micro,rank1,0.6052712418300654,0.03369204274433929,0.06112120394793397,3,15
pointnet_tmax,train_video_count,len15_4videos_per_id,test_general_to_personal,query_micro,rank5,0.8218562091503268,0.013511199102032398,0.05437231351599327,3,15
pointnet_tmax,train_video_count,len15_4videos_per_id,test_general_to_personal,subject_macro,mAP,0.3571026706066773,0.020958295864642092,0.03081770056579203,3,15
pointnet_tmax,train_video_count,len15_4videos_per_id,test_general_to_personal,subject_macro,rank1,0.6050454545454546,0.03386287369488944,0.061082363219007264,3,15
pointnet_tmax,train_video_count,len15_4videos_per_id,test_general_to_personal,subject_macro,rank5,0.8222424242424243,0.013332076387034235,0.05474778551106406,3,15
pointnet_tmax,train_video_count,len15_4videos_per_id,test_mixed_c2_to_c3,query_micro,mAP,0.3892180037388095,0.012089368192632432,0.017742644534057363,3,15
pointnet_tmax,train_video_count,len15_4videos_per_id,test_mixed_c2_to_c3,query_micro,rank1,0.5918518518518519,0.030131171851535653,0.0869195424442085,3,15
pointnet_tmax,train_video_count,len15_4videos_per_id,test_mixed_c2_to_c3,query_micro,rank5,0.7705555555555555,0.015160322916960015,0.02502673467633506,3,15
pointnet_tmax,train_video_count,len15_4videos_per_id,test_mixed_c2_to_c3,subject_macro,mAP,0.3892180037388095,0.012089368192632432,0.017742644534057363,3,15
pointnet_tmax,train_video_count,len15_4videos_per_id,test_mixed_c2_to_c3,subject_macro,rank1,0.5918518518518519,0.030131171851535653,0.0869195424442085,3,15
pointnet_tmax,train_video_count,len15_4videos_per_id,test_mixed_c2_to_c3,subject_macro,rank5,0.7705555555555555,0.015160322916960015,0.02502673467633506,3,15
pointnet_tmax,train_video_count,len15_4videos_per_id,test_mixed_c3_to_c2,query_micro,mAP,0.39501091691906803,0.01878441182791302,0.027673705861139482,3,15
pointnet_tmax,train_video_count,len15_4videos_per_id,test_mixed_c3_to_c2,query_micro,rank1,0.5505555555555555,0.041842837442834714,0.06753447526851925,3,15
pointnet_tmax,train_video_count,len15_4videos_per_id,test_mixed_c3_to_c2,query_micro,rank5,0.7462962962962963,0.013031564507969728,0.06712547879887375,3,15
pointnet_tmax,train_video_count,len15_4videos_per_id,test_mixed_c3_to_c2,subject_macro,mAP,0.39501091691906803,0.01878441182791302,0.027673705861139482,3,15
pointnet_tmax,train_video_count,len15_4videos_per_id,test_mixed_c3_to_c2,subject_macro,rank1,0.5505555555555555,0.041842837442834714,0.06753447526851925,3,15
pointnet_tmax,train_video_count,len15_4videos_per_id,test_mixed_c3_to_c2,subject_macro,rank5,0.7462962962962963,0.013031564507969728,0.06712547879887375,3,15
pointnet_tmax,train_video_count,len15_4videos_per_id,test_query_micro_overall,query_micro,mAP,0.33050541690584234,0.0095856255418014,0.02551398560120479,3,15
pointnet_tmax,train_video_count,len15_4videos_per_id,test_query_micro_overall,query_micro,rank1,0.6006455274775758,0.01646319825134854,0.059838060336492666,3,15
pointnet_tmax,train_video_count,len15_4videos_per_id,test_query_micro_overall,query_micro,rank5,0.8651690088632763,0.010120452166947236,0.03673789475723375,3,15
pointnet_tmax,train_video_count,len15_4videos_per_id,test_query_micro_overall,subject_macro,mAP,0.3359500291994215,0.012490805445349685,0.022724886052850737,3,15
pointnet_tmax,train_video_count,len15_4videos_per_id,test_query_micro_overall,subject_macro,rank1,0.5910816182365203,0.01967046789094027,0.04993883415506493,3,15
pointnet_tmax,train_video_count,len15_4videos_per_id,test_query_micro_overall,subject_macro,rank5,0.8402445478752668,0.0042266287254982765,0.03800481824116986,3,15
pointnet_tmax,train_video_count,len15_4videos_per_id,val,query_micro,mAP,0.4928276673008511,0.010523258417026012,0.032161968061452585,3,15
pointnet_tmax,train_video_count,len15_4videos_per_id,val,query_micro,rank1,0.7344281045751634,0.019220354797250462,0.042390036355196524,3,15
pointnet_tmax,train_video_count,len15_4videos_per_id,val,query_micro,rank5,0.9225947712418301,0.0033892780611150543,0.022764524796661613,3,15
pointnet_tmax,train_video_count,len15_4videos_per_id,val,subject_macro,mAP,0.4927069007296003,0.01057537359353664,0.03210372799174229,3,15
pointnet_tmax,train_video_count,len15_4videos_per_id,val,subject_macro,rank1,0.7346515151515152,0.0194537076190776,0.0428315029997719,3,15
pointnet_tmax,train_video_count,len15_4videos_per_id,val,subject_macro,rank5,0.9228787878787879,0.0033993463423952074,0.022936411478989394,3,15
pointnet_tmax,train_video_count,len15_4videos_per_id,val_c2_to_c3,query_micro,mAP,0.4963069038962325,0.010945841568941872,0.02991905399008951,3,15
pointnet_tmax,train_video_count,len15_4videos_per_id,val_c2_to_c3,query_micro,rank1,0.6475,0.009354143466934842,0.06024256523975938,3,15
pointnet_tmax,train_video_count,len15_4videos_per_id,val_c2_to_c3,query_micro,rank5,0.8783333333333333,0.01448178933081894,0.0876150037886713,3,15
pointnet_tmax,train_video_count,len15_4videos_per_id,val_c2_to_c3,subject_macro,mAP,0.4963069038962325,0.010945841568941872,0.02991905399008951,3,15
pointnet_tmax,train_video_count,len15_4videos_per_id,val_c2_to_c3,subject_macro,rank1,0.6475,0.009354143466934842,0.06024256523975938,3,15
pointnet_tmax,train_video_count,len15_4videos_per_id,val_c2_to_c3,subject_macro,rank5,0.8783333333333333,0.01448178933081894,0.0876150037886713,3,15
pointnet_tmax,train_video_count,len15_4videos_per_id,val_c3_to_c2,query_micro,mAP,0.49691342985878384,0.014697358468361144,0.04305648192367389,3,15
pointnet_tmax,train_video_count,len15_4videos_per_id,val_c3_to_c2,query_micro,rank1,0.6066666666666667,0.018295415333416817,0.1183978697255806,3,15
pointnet_tmax,train_video_count,len15_4videos_per_id,val_c3_to_c2,query_micro,rank5,0.855,0.01274754878398193,0.07300114154358592,3,15
pointnet_tmax,train_video_count,len15_4videos_per_id,val_c3_to_c2,subject_macro,mAP,0.49691342985878384,0.014697358468361144,0.04305648192367389,3,15
pointnet_tmax,train_video_count,len15_4videos_per_id,val_c3_to_c2,subject_macro,rank1,0.6066666666666667,0.018295415333416817,0.1183978697255806,3,15
pointnet_tmax,train_video_count,len15_4videos_per_id,val_c3_to_c2,subject_macro,rank5,0.855,0.01274754878398193,0.07300114154358592,3,15
pointnet_tmax,train_video_count,len15_8videos_per_id,diagnostic_fixed5_only_to_special,query_micro,mAP,0.5773179629949924,0.061475688528623715,0.08626486206392825,3,15
pointnet_tmax,train_video_count,len15_8videos_per_id,diagnostic_fixed5_only_to_special,query_micro,rank1,0.7726775956284153,0.012388343122483948,0.06515684714241153,3,15
pointnet_tmax,train_video_count,len15_8videos_per_id,diagnostic_fixed5_only_to_special,query_micro,rank5,0.9437939110070257,0.009652197668117946,0.030498961304168057,3,15
pointnet_tmax,train_video_count,len15_8videos_per_id,diagnostic_fixed5_only_to_special,subject_macro,mAP,0.5601996654670329,0.058697907562997635,0.08133002325129055,3,15
pointnet_tmax,train_video_count,len15_8videos_per_id,diagnostic_fixed5_only_to_special,subject_macro,rank1,0.743627300256231,0.010617797065295285,0.05691968915765221,3,15
pointnet_tmax,train_video_count,len15_8videos_per_id,diagnostic_fixed5_only_to_special,subject_macro,rank5,0.9252953257240469,0.010264261989588436,0.03587124643971193,3,15
pointnet_tmax,train_video_count,len15_8videos_per_id,test_all_personal,query_micro,mAP,0.5262429967353169,0.06166812059265546,0.08378743675004942,3,15
pointnet_tmax,train_video_count,len15_8videos_per_id,test_all_personal,query_micro,rank1,0.7326041683733128,0.019690191540876017,0.055516294657240554,3,15
pointnet_tmax,train_video_count,len15_8videos_per_id,test_all_personal,query_micro,rank5,0.9172090991576153,0.005497726364103075,0.035118900396408186,3,15
pointnet_tmax,train_video_count,len15_8videos_per_id,test_all_personal,subject_macro,mAP,0.5260793855986368,0.06147152881126264,0.08344426560991154,3,15
pointnet_tmax,train_video_count,len15_8videos_per_id,test_all_personal,subject_macro,rank1,0.7320336700336701,0.019870218994549164,0.055381208658138725,3,15
pointnet_tmax,train_video_count,len15_8videos_per_id,test_all_personal,subject_macro,rank5,0.916989898989899,0.00543922749434765,0.03531000492712699,3,15
pointnet_tmax,train_video_count,len15_8videos_per_id,test_fixed5_c4c5_normal,query_micro,mAP,0.44140400697691623,0.06634518262884859,0.11558081417481512,3,15
pointnet_tmax,train_video_count,len15_8videos_per_id,test_fixed5_c4c5_normal,query_micro,rank1,0.6190016103059581,0.0313012993618494,0.13853723364456444,3,15
pointnet_tmax,train_video_count,len15_8videos_per_id,test_fixed5_c4c5_normal,query_micro,rank5,0.8695652173913043,0.0028443674287689925,0.050451684904131044,3,15
pointnet_tmax,train_video_count,len15_8videos_per_id,test_fixed5_c4c5_normal,subject_macro,mAP,0.4394673751383446,0.06554270326143269,0.1139038218563223,3,15
pointnet_tmax,train_video_count,len15_8videos_per_id,test_fixed5_c4c5_normal,subject_macro,rank1,0.614926475786497,0.02940432960909454,0.1359242696465835,3,15
pointnet_tmax,train_video_count,len15_8videos_per_id,test_fixed5_c4c5_normal,subject_macro,rank5,0.8672955107811947,0.003940257121139855,0.04924212315224823,3,15
pointnet_tmax,train_video_count,len15_8videos_per_id,test_fixed5_c7,query_micro,mAP,0.4606521795228833,0.035348884092060655,0.06733764526248512,3,15
pointnet_tmax,train_video_count,len15_8videos_per_id,test_fixed5_c7,query_micro,rank1,0.6390476190476191,0.006424160744396235,0.06820670198016715,3,15
pointnet_tmax,train_video_count,len15_8videos_per_id,test_fixed5_c7,query_micro,rank5,0.8747619047619049,0.014677176197545225,0.04139297868971567,3,15
pointnet_tmax,train_video_count,len15_8videos_per_id,test_fixed5_c7,subject_macro,mAP,0.41901132592620954,0.024909359176675732,0.05789181368754708,3,15
pointnet_tmax,train_video_count,len15_8videos_per_id,test_fixed5_c7,subject_macro,rank1,0.5745833333333333,0.010223203455321052,0.06253332444918201,3,15
pointnet_tmax,train_video_count,len15_8videos_per_id,test_fixed5_c7,subject_macro,rank5,0.8140277777777777,0.028596274470291543,0.0669761335785801,3,15
pointnet_tmax,train_video_count,len15_8videos_per_id,test_fixed5_to_personal,query_micro,mAP,0.49095115186554367,0.07339940321308502,0.11111179674374765,3,15
pointnet_tmax,train_video_count,len15_8videos_per_id,test_fixed5_to_personal,query_micro,rank1,0.6587458745874587,0.029027898913922115,0.11048172120347288,3,15
pointnet_tmax,train_video_count,len15_8videos_per_id,test_fixed5_to_personal,query_micro,rank5,0.8904290429042904,0.009878963397422858,0.047753392073098144,3,15
pointnet_tmax,train_video_count,len15_8videos_per_id,test_fixed5_to_personal,subject_macro,mAP,0.49018992637121483,0.07315247717024367,0.1107314347654509,3,15
pointnet_tmax,train_video_count,len15_8videos_per_id,test_fixed5_to_personal,subject_macro,rank1,0.6571746031746032,0.029289013450335428,0.11011029537648238,3,15
pointnet_tmax,train_video_count,len15_8videos_per_id,test_fixed5_to_personal,subject_macro,rank5,0.8895555555555555,0.00983440620868641,0.048182214821912,3,15
pointnet_tmax,train_video_count,len15_8videos_per_id,test_fixed5_to_special,query_micro,mAP,0.45446078803369905,0.061633092590181286,0.1089359990803979,3,15
pointnet_tmax,train_video_count,len15_8videos_per_id,test_fixed5_to_special,query_micro,rank1,0.6434035909445744,0.021870187258834026,0.11977411068970155,3,15
pointnet_tmax,train_video_count,len15_8videos_per_id,test_fixed5_to_special,query_micro,rank5,0.8841530054644808,0.00320728159003495,0.03954880353672183,3,15
pointnet_tmax,train_video_count,len15_8videos_per_id,test_fixed5_to_special,subject_macro,mAP,0.4383565623101691,0.05852673889850519,0.10305891619192172,3,15
pointnet_tmax,train_video_count,len15_8videos_per_id,test_fixed5_to_special,subject_macro,rank1,0.6148966146439941,0.01923937085018706,0.11114312243466522,3,15
pointnet_tmax,train_video_count,len15_8videos_per_id,test_fixed5_to_special,subject_macro,rank5,0.8610689494525973,0.004456129967584354,0.03717174478571064,3,15
pointnet_tmax,train_video_count,len15_8videos_per_id,test_general_to_personal,query_micro,mAP,0.5613935109802028,0.0490531718747604,0.06276458782160729,3,15
pointnet_tmax,train_video_count,len15_8videos_per_id,test_general_to_personal,query_micro,rank1,0.8078202614379085,0.02073599379732912,0.04230866750113659,3,15
pointnet_tmax,train_video_count,len15_8videos_per_id,test_general_to_personal,query_micro,rank5,0.9451699346405228,0.006703188759435276,0.030318701378781718,3,15
pointnet_tmax,train_video_count,len15_8videos_per_id,test_general_to_personal,subject_macro,mAP,0.5618067838782163,0.04901484429904627,0.06268361449860682,3,15
pointnet_tmax,train_video_count,len15_8videos_per_id,test_general_to_personal,subject_macro,rank1,0.8081969696969696,0.020761081323098698,0.0425718050575564,3,15
pointnet_tmax,train_video_count,len15_8videos_per_id,test_general_to_personal,subject_macro,rank5,0.9454242424242425,0.006641170253232107,0.030386951974842674,3,15
pointnet_tmax,train_video_count,len15_8videos_per_id,test_mixed_c2_to_c3,query_micro,mAP,0.5938445380647425,0.06808709448280688,0.08849170154472814,3,15
pointnet_tmax,train_video_count,len15_8videos_per_id,test_mixed_c2_to_c3,query_micro,rank1,0.7825925925925926,0.06281682386724259,0.07231096162732013,3,15
pointnet_tmax,train_video_count,len15_8videos_per_id,test_mixed_c2_to_c3,query_micro,rank5,0.9325925925925925,0.03152611215483846,0.050148613160489665,3,15
pointnet_tmax,train_video_count,len15_8videos_per_id,test_mixed_c2_to_c3,subject_macro,mAP,0.5938445380647425,0.06808709448280688,0.08849170154472814,3,15
pointnet_tmax,train_video_count,len15_8videos_per_id,test_mixed_c2_to_c3,subject_macro,rank1,0.7825925925925926,0.06281682386724259,0.07231096162732013,3,15
pointnet_tmax,train_video_count,len15_8videos_per_id,test_mixed_c2_to_c3,subject_macro,rank5,0.9325925925925925,0.03152611215483846,0.050148613160489665,3,15
pointnet_tmax,train_video_count,len15_8videos_per_id,test_mixed_c3_to_c2,query_micro,mAP,0.590766158197765,0.07015359335487206,0.09026866592620322,3,15
pointnet_tmax,train_video_count,len15_8videos_per_id,test_mixed_c3_to_c2,query_micro,rank1,0.7353703703703703,0.04836064220704311,0.08115971822786099,3,15
pointnet_tmax,train_video_count,len15_8videos_per_id,test_mixed_c3_to_c2,query_micro,rank5,0.9092592592592593,0.0254237071136749,0.05766073139607505,3,15
pointnet_tmax,train_video_count,len15_8videos_per_id,test_mixed_c3_to_c2,subject_macro,mAP,0.590766158197765,0.07015359335487206,0.09026866592620322,3,15
pointnet_tmax,train_video_count,len15_8videos_per_id,test_mixed_c3_to_c2,subject_macro,rank1,0.7353703703703703,0.04836064220704311,0.08115971822786099,3,15
pointnet_tmax,train_video_count,len15_8videos_per_id,test_mixed_c3_to_c2,subject_macro,rank5,0.9092592592592593,0.0254237071136749,0.05766073139607505,3,15
pointnet_tmax,train_video_count,len15_8videos_per_id,test_query_micro_overall,query_micro,mAP,0.47735064094773866,0.06157977920565244,0.09914273684754951,3,15
pointnet_tmax,train_video_count,len15_8videos_per_id,test_query_micro_overall,query_micro,rank1,0.6720407574137042,0.019396746737669064,0.09465614331657672,3,15
pointnet_tmax,train_video_count,len15_8videos_per_id,test_query_micro_overall,query_micro,rank5,0.8944861335043198,0.003366875299325436,0.03295885394887167,3,15
pointnet_tmax,train_video_count,len15_8videos_per_id,test_query_micro_overall,subject_macro,mAP,0.5047050836336453,0.055326424037687304,0.07840801017014634,3,15
pointnet_tmax,train_video_count,len15_8videos_per_id,test_query_micro_overall,subject_macro,rank1,0.7152680944207087,0.014620579859180574,0.0524434199398651,3,15
pointnet_tmax,train_video_count,len15_8videos_per_id,test_query_micro_overall,subject_macro,rank5,0.9060327353837158,0.0045722086608500035,0.02502155838974928,3,15
pointnet_tmax,train_video_count,len15_8videos_per_id,val,query_micro,mAP,0.6738332653175187,0.054283945040348724,0.060586783499270075,3,15
pointnet_tmax,train_video_count,len15_8videos_per_id,val,query_micro,rank1,0.8944183006535947,0.0070622782637652865,0.03498851840504642,3,15
pointnet_tmax,train_video_count,len15_8videos_per_id,val,query_micro,rank5,0.9739640522875818,0.007517830201780281,0.01941848819544998,3,15
pointnet_tmax,train_video_count,len15_8videos_per_id,val,subject_macro,mAP,0.674126349276214,0.05417602869745228,0.06033369251029692,3,15
pointnet_tmax,train_video_count,len15_8videos_per_id,val,subject_macro,rank1,0.8950909090909089,0.0069428997363717646,0.03511657092768325,3,15
pointnet_tmax,train_video_count,len15_8videos_per_id,val,subject_macro,rank5,0.9742575757575759,0.007324092600115,0.019285527957860177,3,15
pointnet_tmax,train_video_count,len15_8videos_per_id,val_c2_to_c3,query_micro,mAP,0.6845656468719244,0.061800306508751346,0.07738538798575297,3,15
pointnet_tmax,train_video_count,len15_8videos_per_id,val_c2_to_c3,query_micro,rank1,0.7866666666666666,0.03454063629343785,0.05994210169451482,3,15
pointnet_tmax,train_video_count,len15_8videos_per_id,val_c2_to_c3,query_micro,rank5,0.9633333333333333,0.03771236166328257,0.0669991708074726,3,15
pointnet_tmax,train_video_count,len15_8videos_per_id,val_c2_to_c3,subject_macro,mAP,0.6845656468719244,0.061800306508751346,0.07738538798575297,3,15
pointnet_tmax,train_video_count,len15_8videos_per_id,val_c2_to_c3,subject_macro,rank1,0.7866666666666666,0.03454063629343785,0.05994210169451482,3,15
pointnet_tmax,train_video_count,len15_8videos_per_id,val_c2_to_c3,subject_macro,rank5,0.9633333333333333,0.03771236166328257,0.0669991708074726,3,15
pointnet_tmax,train_video_count,len15_8videos_per_id,val_c3_to_c2,query_micro,mAP,0.6637632153183222,0.05371126790127081,0.06136586015980745,3,15
pointnet_tmax,train_video_count,len15_8videos_per_id,val_c3_to_c2,query_micro,rank1,0.7858333333333333,0.03513861440384666,0.08931063144379223,3,15
pointnet_tmax,train_video_count,len15_8videos_per_id,val_c3_to_c2,query_micro,rank5,0.9658333333333333,0.04144943371815297,0.047536535656505535,3,15
pointnet_tmax,train_video_count,len15_8videos_per_id,val_c3_to_c2,subject_macro,mAP,0.6637632153183222,0.05371126790127081,0.06136586015980745,3,15
pointnet_tmax,train_video_count,len15_8videos_per_id,val_c3_to_c2,subject_macro,rank1,0.7858333333333333,0.03513861440384666,0.08931063144379223,3,15
pointnet_tmax,train_video_count,len15_8videos_per_id,val_c3_to_c2,subject_macro,rank5,0.9658333333333333,0.04144943371815297,0.047536535656505535,3,15
