method,suite,setting,pair,aggregation,metric,mean_of_seed_split_means,seed_std,pooled_split_std,num_seeds,num_runs
mph_gait,clip_length,len1_c2c3_full,diagnostic_fixed5_only_to_special,query_micro,mAP,0.6053361960261432,0.0,0.022089122990464307,1,5
mph_gait,clip_length,len1_c2c3_full,diagnostic_fixed5_only_to_special,query_micro,rank1,0.6903981264637002,0.0,0.02831303280507247,1,5
mph_gait,clip_length,len1_c2c3_full,diagnostic_fixed5_only_to_special,query_micro,rank5,0.8163934426229508,0.0,0.03898013727693336,1,5
mph_gait,clip_length,len1_c2c3_full,diagnostic_fixed5_only_to_special,subject_macro,mAP,0.5730819392235045,0.0,0.02173729733910279,1,5
mph_gait,clip_length,len1_c2c3_full,diagnostic_fixed5_only_to_special,subject_macro,rank1,0.6433458420684837,0.0,0.028535945628697663,1,5
mph_gait,clip_length,len1_c2c3_full,diagnostic_fixed5_only_to_special,subject_macro,rank5,0.78383869089215,0.0,0.04454683478813683,1,5
mph_gait,clip_length,len1_c2c3_full,test_all_personal,query_micro,mAP,0.6201681470273297,0.0,0.0748633478333568,1,5
mph_gait,clip_length,len1_c2c3_full,test_all_personal,query_micro,rank1,0.7588105251171137,0.0,0.04730063328407367,1,5
mph_gait,clip_length,len1_c2c3_full,test_all_personal,query_micro,rank5,0.8757266927209745,0.0,0.018139468895702466,1,5
mph_gait,clip_length,len1_c2c3_full,test_all_personal,subject_macro,mAP,0.6234223918272698,0.0,0.07426922400814027,1,5
mph_gait,clip_length,len1_c2c3_full,test_all_personal,subject_macro,rank1,0.7631351611351611,0.0,0.046801091435369056,1,5
mph_gait,clip_length,len1_c2c3_full,test_all_personal,subject_macro,rank5,0.8801394901394902,0.0,0.016750594688112217,1,5
mph_gait,clip_length,len1_c2c3_full,test_fixed5_c4c5_normal,query_micro,mAP,0.48083383215654296,0.0,0.06342456695277898,1,5
mph_gait,clip_length,len1_c2c3_full,test_fixed5_c4c5_normal,query_micro,rank1,0.5400966183574879,0.0,0.10656089413690618,1,5
mph_gait,clip_length,len1_c2c3_full,test_fixed5_c4c5_normal,query_micro,rank5,0.7033816425120774,0.0,0.05555345511677314,1,5
mph_gait,clip_length,len1_c2c3_full,test_fixed5_c4c5_normal,subject_macro,mAP,0.47873273681709394,0.0,0.06268641443766458,1,5
mph_gait,clip_length,len1_c2c3_full,test_fixed5_c4c5_normal,subject_macro,rank1,0.5341442205726405,0.0,0.10414234992922722,1,5
mph_gait,clip_length,len1_c2c3_full,test_fixed5_c4c5_normal,subject_macro,rank5,0.698083775185578,0.0,0.05612273455062387,1,5
mph_gait,clip_length,len1_c2c3_full,test_fixed5_c7,query_micro,mAP,0.4592877592572144,0.0,0.032951124291313985,1,5
mph_gait,clip_length,len1_c2c3_full,test_fixed5_c7,query_micro,rank1,0.5171428571428571,0.0,0.0716567783084826,1,5
mph_gait,clip_length,len1_c2c3_full,test_fixed5_c7,query_micro,rank5,0.6842857142857144,0.0,0.08868656111525004,1,5
mph_gait,clip_length,len1_c2c3_full,test_fixed5_c7,subject_macro,mAP,0.4102289935201407,0.0,0.037542710919167,1,5
mph_gait,clip_length,len1_c2c3_full,test_fixed5_c7,subject_macro,rank1,0.4625,0.0,0.08451249085851817,1,5
mph_gait,clip_length,len1_c2c3_full,test_fixed5_c7,subject_macro,rank5,0.63625,0.0,0.08263877217545446,1,5
mph_gait,clip_length,len1_c2c3_full,test_fixed5_to_personal,query_micro,mAP,0.5656681342068876,0.0,0.040789948695383944,1,5
mph_gait,clip_length,len1_c2c3_full,test_fixed5_to_personal,query_micro,rank1,0.6594059405940594,0.0,0.06761731120381734,1,5
mph_gait,clip_length,len1_c2c3_full,test_fixed5_to_personal,query_micro,rank5,0.8118811881188119,0.0,0.006261935960729434,1,5
mph_gait,clip_length,len1_c2c3_full,test_fixed5_to_personal,subject_macro,mAP,0.5702387456922304,0.0,0.04116096841263264,1,5
mph_gait,clip_length,len1_c2c3_full,test_fixed5_to_personal,subject_macro,rank1,0.6655238095238095,0.0,0.06818316002252754,1,5
mph_gait,clip_length,len1_c2c3_full,test_fixed5_to_personal,subject_macro,rank5,0.8181904761904762,0.0,0.006189743546389329,1,5
mph_gait,clip_length,len1_c2c3_full,test_fixed5_to_special,query_micro,mAP,0.49244802906516005,0.0,0.0603969325734314,1,5
mph_gait,clip_length,len1_c2c3_full,test_fixed5_to_special,query_micro,rank1,0.5625292740046838,0.0,0.1108042694204101,1,5
mph_gait,clip_length,len1_c2c3_full,test_fixed5_to_special,query_micro,rank5,0.7433255269320843,0.0,0.05250499824858559,1,5
mph_gait,clip_length,len1_c2c3_full,test_fixed5_to_special,subject_macro,mAP,0.46040999956625195,0.0,0.060324323820857735,1,5
mph_gait,clip_length,len1_c2c3_full,test_fixed5_to_special,subject_macro,rank1,0.5152156300955043,0.0,0.10812362880105458,1,5
mph_gait,clip_length,len1_c2c3_full,test_fixed5_to_special,subject_macro,rank5,0.7033409037968786,0.0,0.052675781939703736,1,5
mph_gait,clip_length,len1_c2c3_full,test_general_to_personal,query_micro,mAP,0.6766968950601477,0.0,0.10873005901552031,1,5
mph_gait,clip_length,len1_c2c3_full,test_general_to_personal,query_micro,rank1,0.8632058823529413,0.0,0.038301345662845536,1,5
mph_gait,clip_length,len1_c2c3_full,test_general_to_personal,query_micro,rank5,0.9435098039215687,0.0,0.03745141155690619,1,5
mph_gait,clip_length,len1_c2c3_full,test_general_to_personal,subject_macro,mAP,0.6780133549063043,0.0,0.10683029719566106,1,5
mph_gait,clip_length,len1_c2c3_full,test_general_to_personal,subject_macro,rank1,0.8650454545454546,0.0,0.03653154416402713,1,5
mph_gait,clip_length,len1_c2c3_full,test_general_to_personal,subject_macro,rank5,0.9453636363636363,0.0,0.03395962600422902,1,5
mph_gait,clip_length,len1_c2c3_full,test_mixed_c2_to_c3,query_micro,mAP,0.6958726771217254,0.0,0.08818009632033195,1,5
mph_gait,clip_length,len1_c2c3_full,test_mixed_c2_to_c3,query_micro,rank1,0.7244444444444444,0.0,0.07071940729319805,1,5
mph_gait,clip_length,len1_c2c3_full,test_mixed_c2_to_c3,query_micro,rank5,0.9538888888888888,0.0,0.010772621905369626,1,5
mph_gait,clip_length,len1_c2c3_full,test_mixed_c2_to_c3,subject_macro,mAP,0.6958726771217254,0.0,0.08818009632033195,1,5
mph_gait,clip_length,len1_c2c3_full,test_mixed_c2_to_c3,subject_macro,rank1,0.7244444444444444,0.0,0.07071940729319805,1,5
mph_gait,clip_length,len1_c2c3_full,test_mixed_c2_to_c3,subject_macro,rank5,0.9538888888888888,0.0,0.010772621905369626,1,5
mph_gait,clip_length,len1_c2c3_full,test_mixed_c3_to_c2,query_micro,mAP,0.6631305062563884,0.0,0.0792548452337016,1,5
mph_gait,clip_length,len1_c2c3_full,test_mixed_c3_to_c2,query_micro,rank1,0.7244444444444444,0.0,0.08216589662324168,1,5
mph_gait,clip_length,len1_c2c3_full,test_mixed_c3_to_c2,query_micro,rank5,0.8627777777777779,0.0,0.02267592403550951,1,5
mph_gait,clip_length,len1_c2c3_full,test_mixed_c3_to_c2,subject_macro,mAP,0.6631305062563884,0.0,0.0792548452337016,1,5
mph_gait,clip_length,len1_c2c3_full,test_mixed_c3_to_c2,subject_macro,rank1,0.7244444444444444,0.0,0.08216589662324168,1,5
mph_gait,clip_length,len1_c2c3_full,test_mixed_c3_to_c2,subject_macro,rank5,0.8627777777777779,0.0,0.02267592403550951,1,5
mph_gait,clip_length,len1_c2c3_full,test_query_micro_overall,query_micro,mAP,0.5333544154870757,0.0,0.05706195361338125,1,5
mph_gait,clip_length,len1_c2c3_full,test_query_micro_overall,query_micro,rank1,0.625467011477739,0.0,0.080046028612393,1,5
mph_gait,clip_length,len1_c2c3_full,test_query_micro_overall,query_micro,rank5,0.7853363637331119,0.0,0.039735318833377886,1,5
mph_gait,clip_length,len1_c2c3_full,test_query_micro_overall,subject_macro,mAP,0.5802870609053533,0.0,0.07228908192655444,1,5
mph_gait,clip_length,len1_c2c3_full,test_query_micro_overall,subject_macro,rank1,0.7055822199586906,0.0,0.04890883254370273,1,5
mph_gait,clip_length,len1_c2c3_full,test_query_micro_overall,subject_macro,rank5,0.8358841939469389,0.0,0.03391034387902186,1,5
mph_gait,clip_length,len1_c2c3_full,val,query_micro,mAP,0.8119097894593782,0.0,0.07809385968537574,1,5
mph_gait,clip_length,len1_c2c3_full,val,query_micro,rank1,0.8878725490196079,0.0,0.11634998872784817,1,5
mph_gait,clip_length,len1_c2c3_full,val,query_micro,rank5,0.965892156862745,0.0,0.03391522665412078,1,5
mph_gait,clip_length,len1_c2c3_full,val,subject_macro,mAP,0.8133900469866665,0.0,0.07570894422879725,1,5
mph_gait,clip_length,len1_c2c3_full,val,subject_macro,rank1,0.8892272727272728,0.0,0.11366068830565691,1,5
mph_gait,clip_length,len1_c2c3_full,val,subject_macro,rank5,0.9671363636363637,0.0,0.03158080283080239,1,5
mph_gait,clip_length,len1_c2c3_full,val_c2_to_c3,query_micro,mAP,0.8624987704306841,0.0,0.0865242022562344,1,5
mph_gait,clip_length,len1_c2c3_full,val_c2_to_c3,query_micro,rank1,0.905,0.0,0.0812403840463596,1,5
mph_gait,clip_length,len1_c2c3_full,val_c2_to_c3,query_micro,rank5,0.9875,0.0,0.025,1,5
mph_gait,clip_length,len1_c2c3_full,val_c2_to_c3,subject_macro,mAP,0.8624987704306841,0.0,0.0865242022562344,1,5
mph_gait,clip_length,len1_c2c3_full,val_c2_to_c3,subject_macro,rank1,0.905,0.0,0.0812403840463596,1,5
mph_gait,clip_length,len1_c2c3_full,val_c2_to_c3,subject_macro,rank5,0.9875,0.0,0.025,1,5
mph_gait,clip_length,len1_c2c3_full,val_c3_to_c2,query_micro,mAP,0.865248771160841,0.0,0.09030987425664867,1,5
mph_gait,clip_length,len1_c2c3_full,val_c3_to_c2,query_micro,rank1,0.8875,0.0,0.12298373876248841,1,5
mph_gait,clip_length,len1_c2c3_full,val_c3_to_c2,query_micro,rank5,0.97,0.0,0.06000000000000001,1,5
mph_gait,clip_length,len1_c2c3_full,val_c3_to_c2,subject_macro,mAP,0.865248771160841,0.0,0.09030987425664867,1,5
mph_gait,clip_length,len1_c2c3_full,val_c3_to_c2,subject_macro,rank1,0.8875,0.0,0.12298373876248841,1,5
mph_gait,clip_length,len1_c2c3_full,val_c3_to_c2,subject_macro,rank5,0.97,0.0,0.06000000000000001,1,5
mph_gait,clip_length,len30_c2c3_full,diagnostic_fixed5_only_to_special,query_micro,mAP,0.8151044287223727,0.0,0.04272979723940853,1,5
mph_gait,clip_length,len30_c2c3_full,diagnostic_fixed5_only_to_special,query_micro,rank1,0.8295081967213115,0.0,0.056622191225712146,1,5
mph_gait,clip_length,len30_c2c3_full,diagnostic_fixed5_only_to_special,query_micro,rank5,0.9081967213114754,0.0,0.03051334421527369,1,5
mph_gait,clip_length,len30_c2c3_full,diagnostic_fixed5_only_to_special,subject_macro,mAP,0.7852596244974095,0.0,0.043748903839971966,1,5
mph_gait,clip_length,len30_c2c3_full,diagnostic_fixed5_only_to_special,subject_macro,rank1,0.7875261122757978,0.0,0.05420171095895634,1,5
mph_gait,clip_length,len30_c2c3_full,diagnostic_fixed5_only_to_special,subject_macro,rank5,0.8767688795713953,0.0,0.041783440708221264,1,5
mph_gait,clip_length,len30_c2c3_full,test_all_personal,query_micro,mAP,0.8195513092265218,0.0,0.056222502813641384,1,5
mph_gait,clip_length,len30_c2c3_full,test_all_personal,query_micro,rank1,0.8606619624843423,0.0,0.022515747103762546,1,5
mph_gait,clip_length,len30_c2c3_full,test_all_personal,query_micro,rank5,0.9394364215717538,0.0,0.020708981130714583,1,5
mph_gait,clip_length,len30_c2c3_full,test_all_personal,subject_macro,mAP,0.8200312140254253,0.0,0.055613759349075136,1,5
mph_gait,clip_length,len30_c2c3_full,test_all_personal,subject_macro,rank1,0.8608441558441559,0.0,0.02189637178263341,1,5
mph_gait,clip_length,len30_c2c3_full,test_all_personal,subject_macro,rank5,0.9394675324675325,0.0,0.02093166751889868,1,5
mph_gait,clip_length,len30_c2c3_full,test_fixed5_c4c5_normal,query_micro,mAP,0.7091077826377274,0.0,0.08169198466590097,1,5
mph_gait,clip_length,len30_c2c3_full,test_fixed5_c4c5_normal,query_micro,rank1,0.7371980676328502,0.0,0.060615988952108686,1,5
mph_gait,clip_length,len30_c2c3_full,test_fixed5_c4c5_normal,query_micro,rank5,0.8570048309178745,0.0,0.04412825989050912,1,5
mph_gait,clip_length,len30_c2c3_full,test_fixed5_c4c5_normal,subject_macro,mAP,0.7062376301533139,0.0,0.08206435576525979,1,5
mph_gait,clip_length,len30_c2c3_full,test_fixed5_c4c5_normal,subject_macro,rank1,0.7319427359490986,0.0,0.06227847564945373,1,5
mph_gait,clip_length,len30_c2c3_full,test_fixed5_c4c5_normal,subject_macro,rank5,0.8522523860021209,0.0,0.045789094323872105,1,5
mph_gait,clip_length,len30_c2c3_full,test_fixed5_c7,query_micro,mAP,0.7155284539929457,0.0,0.06291944682750503,1,5
mph_gait,clip_length,len30_c2c3_full,test_fixed5_c7,query_micro,rank1,0.7485714285714286,0.0,0.0497750039719553,1,5
mph_gait,clip_length,len30_c2c3_full,test_fixed5_c7,query_micro,rank5,0.8571428571428571,0.0,0.03469987943283175,1,5
mph_gait,clip_length,len30_c2c3_full,test_fixed5_c7,subject_macro,mAP,0.6103905773535371,0.0,0.0646654097319563,1,5
mph_gait,clip_length,len30_c2c3_full,test_fixed5_c7,subject_macro,rank1,0.6208333333333333,0.0,0.07157697876334879,1,5
mph_gait,clip_length,len30_c2c3_full,test_fixed5_c7,subject_macro,rank5,0.7616666666666667,0.0,0.04498456525421928,1,5
mph_gait,clip_length,len30_c2c3_full,test_fixed5_to_personal,query_micro,mAP,0.7699660952285965,0.0,0.05413444186401517,1,5
mph_gait,clip_length,len30_c2c3_full,test_fixed5_to_personal,query_micro,rank1,0.7980198019801981,0.0,0.03406861491898069,1,5
mph_gait,clip_length,len30_c2c3_full,test_fixed5_to_personal,query_micro,rank5,0.8970297029702969,0.0,0.04228545842388639,1,5
mph_gait,clip_length,len30_c2c3_full,test_fixed5_to_personal,subject_macro,mAP,0.7700278409158899,0.0,0.05289379851055534,1,5
mph_gait,clip_length,len30_c2c3_full,test_fixed5_to_personal,subject_macro,rank1,0.7978095238095237,0.0,0.03455003929693139,1,5
mph_gait,clip_length,len30_c2c3_full,test_fixed5_to_personal,subject_macro,rank5,0.8965714285714286,0.0,0.042986471531097775,1,5
mph_gait,clip_length,len30_c2c3_full,test_fixed5_to_special,query_micro,mAP,0.7323162855567362,0.0,0.06519190656414273,1,5
mph_gait,clip_length,len30_c2c3_full,test_fixed5_to_special,query_micro,rank1,0.7667447306791569,0.0,0.05918343706412932,1,5
mph_gait,clip_length,len30_c2c3_full,test_fixed5_to_special,query_micro,rank5,0.877751756440281,0.0,0.02038412660139482,1,5
mph_gait,clip_length,len30_c2c3_full,test_fixed5_to_special,subject_macro,mAP,0.7007800827962568,0.0,0.06816113123238109,1,5
mph_gait,clip_length,len30_c2c3_full,test_fixed5_to_special,subject_macro,rank1,0.7215349406009783,0.0,0.05689511016004915,1,5
mph_gait,clip_length,len30_c2c3_full,test_fixed5_to_special,subject_macro,rank5,0.8366142091777311,0.0,0.032344435784928016,1,5
mph_gait,clip_length,len30_c2c3_full,test_general_to_personal,query_micro,mAP,0.8720111666365581,0.0,0.07094665143127526,1,5
mph_gait,clip_length,len30_c2c3_full,test_general_to_personal,query_micro,rank1,0.9276176470588234,0.0,0.06637059110269998,1,5
mph_gait,clip_length,len30_c2c3_full,test_general_to_personal,query_micro,rank5,0.9840784313725489,0.0,0.01494647633860262,1,5
mph_gait,clip_length,len30_c2c3_full,test_general_to_personal,subject_macro,mAP,0.872739674929868,0.0,0.07124994692606419,1,5
mph_gait,clip_length,len30_c2c3_full,test_general_to_personal,subject_macro,rank1,0.9280454545454546,0.0,0.06665248471743768,1,5
mph_gait,clip_length,len30_c2c3_full,test_general_to_personal,subject_macro,rank5,0.9843636363636363,0.0,0.014886901447606349,1,5
mph_gait,clip_length,len30_c2c3_full,test_mixed_c2_to_c3,query_micro,mAP,0.9136750767297215,0.0,0.03224657474475382,1,5
mph_gait,clip_length,len30_c2c3_full,test_mixed_c2_to_c3,query_micro,rank1,0.9650000000000001,0.0,0.03391164991562633,1,5
mph_gait,clip_length,len30_c2c3_full,test_mixed_c2_to_c3,query_micro,rank5,0.9800000000000001,0.0,0.039999999999999994,1,5
mph_gait,clip_length,len30_c2c3_full,test_mixed_c2_to_c3,subject_macro,mAP,0.9136750767297215,0.0,0.03224657474475382,1,5
mph_gait,clip_length,len30_c2c3_full,test_mixed_c2_to_c3,subject_macro,rank1,0.9650000000000001,0.0,0.03391164991562633,1,5
mph_gait,clip_length,len30_c2c3_full,test_mixed_c2_to_c3,subject_macro,rank5,0.9800000000000001,0.0,0.039999999999999994,1,5
mph_gait,clip_length,len30_c2c3_full,test_mixed_c3_to_c2,query_micro,mAP,0.914642180038823,0.0,0.037116368584732315,1,5
mph_gait,clip_length,len30_c2c3_full,test_mixed_c3_to_c2,query_micro,rank1,0.9294444444444444,0.0,0.03607262906832871,1,5
mph_gait,clip_length,len30_c2c3_full,test_mixed_c3_to_c2,query_micro,rank5,0.985,0.0,0.020000000000000018,1,5
mph_gait,clip_length,len30_c2c3_full,test_mixed_c3_to_c2,subject_macro,mAP,0.914642180038823,0.0,0.037116368584732315,1,5
mph_gait,clip_length,len30_c2c3_full,test_mixed_c3_to_c2,subject_macro,rank1,0.9294444444444444,0.0,0.03607262906832871,1,5
mph_gait,clip_length,len30_c2c3_full,test_mixed_c3_to_c2,subject_macro,rank5,0.985,0.0,0.020000000000000018,1,5
mph_gait,clip_length,len30_c2c3_full,test_query_micro_overall,query_micro,mAP,0.7601384860158451,0.0,0.05994855552464416,1,5
mph_gait,clip_length,len30_c2c3_full,test_query_micro_overall,query_micro,rank1,0.7968232351047471,0.0,0.0421624302282655,1,5
mph_gait,clip_length,len30_c2c3_full,test_query_micro_overall,query_micro,rank5,0.8973376115447855,0.0,0.018067606786725785,1,5
mph_gait,clip_length,len30_c2c3_full,test_query_micro_overall,subject_macro,mAP,0.791580359939326,0.0,0.06063520772594201,1,5
mph_gait,clip_length,len30_c2c3_full,test_query_micro_overall,subject_macro,rank1,0.8306371530430354,0.0,0.03806032645417675,1,5
mph_gait,clip_length,len30_c2c3_full,test_query_micro_overall,subject_macro,rank5,0.9164729946524064,0.0,0.01912027570692362,1,5
mph_gait,clip_length,len30_c2c3_full,val,query_micro,mAP,0.9541223487579356,0.0,0.02472390351507707,1,5
mph_gait,clip_length,len30_c2c3_full,val,query_micro,rank1,0.9841176470588235,0.0,0.016148103469904473,1,5
mph_gait,clip_length,len30_c2c3_full,val,query_micro,rank5,0.9960392156862745,0.0,0.004851346539354383,1,5
mph_gait,clip_length,len30_c2c3_full,val,subject_macro,mAP,0.9544793320000171,0.0,0.0243809292966444,1,5
mph_gait,clip_length,len30_c2c3_full,val,subject_macro,rank1,0.9841818181818182,0.0,0.016094760710058716,1,5
mph_gait,clip_length,len30_c2c3_full,val,subject_macro,rank5,0.9961818181818181,0.0,0.004685126809718218,1,5
mph_gait,clip_length,len30_c2c3_full,val_c2_to_c3,query_micro,mAP,0.9862202382087707,0.0,0.013495610998563145,1,5
mph_gait,clip_length,len30_c2c3_full,val_c2_to_c3,query_micro,rank1,0.99,0.0,0.020000000000000018,1,5
mph_gait,clip_length,len30_c2c3_full,val_c2_to_c3,query_micro,rank5,1.0,0.0,0.0,1,5
mph_gait,clip_length,len30_c2c3_full,val_c2_to_c3,subject_macro,mAP,0.9862202382087707,0.0,0.013495610998563145,1,5
mph_gait,clip_length,len30_c2c3_full,val_c2_to_c3,subject_macro,rank1,0.99,0.0,0.020000000000000018,1,5
mph_gait,clip_length,len30_c2c3_full,val_c2_to_c3,subject_macro,rank5,1.0,0.0,0.0,1,5
mph_gait,clip_length,len30_c2c3_full,val_c3_to_c2,query_micro,mAP,0.9659672620892525,0.0,0.04119635944576704,1,5
mph_gait,clip_length,len30_c2c3_full,val_c3_to_c2,query_micro,rank1,0.9800000000000001,0.0,0.024494897427831803,1,5
mph_gait,clip_length,len30_c2c3_full,val_c3_to_c2,query_micro,rank5,1.0,0.0,0.0,1,5
mph_gait,clip_length,len30_c2c3_full,val_c3_to_c2,subject_macro,mAP,0.9659672620892525,0.0,0.04119635944576704,1,5
mph_gait,clip_length,len30_c2c3_full,val_c3_to_c2,subject_macro,rank1,0.9800000000000001,0.0,0.024494897427831803,1,5
mph_gait,clip_length,len30_c2c3_full,val_c3_to_c2,subject_macro,rank5,1.0,0.0,0.0,1,5
mph_gait,clip_length,len4_c2c3_full,diagnostic_fixed5_only_to_special,query_micro,mAP,0.728210594409104,0.0,0.04878500365016401,1,5
mph_gait,clip_length,len4_c2c3_full,diagnostic_fixed5_only_to_special,query_micro,rank1,0.7695550351288056,0.0,0.04789441885213758,1,5
mph_gait,clip_length,len4_c2c3_full,diagnostic_fixed5_only_to_special,query_micro,rank5,0.9353629976580796,0.0,0.021899147030559157,1,5
mph_gait,clip_length,len4_c2c3_full,diagnostic_fixed5_only_to_special,subject_macro,mAP,0.7105215398266436,0.0,0.049085267512808985,1,5
mph_gait,clip_length,len4_c2c3_full,diagnostic_fixed5_only_to_special,subject_macro,rank1,0.750330701141393,0.0,0.04643719370613355,1,5
mph_gait,clip_length,len4_c2c3_full,diagnostic_fixed5_only_to_special,subject_macro,rank5,0.9169470067551828,0.0,0.027800431594200998,1,5
mph_gait,clip_length,len4_c2c3_full,test_all_personal,query_micro,mAP,0.7386008293504099,0.0,0.05477186872797587,1,5
mph_gait,clip_length,len4_c2c3_full,test_all_personal,query_micro,rank1,0.8277097759711364,0.0,0.023407173610776415,1,5
mph_gait,clip_length,len4_c2c3_full,test_all_personal,query_micro,rank5,0.9413067206221838,0.0,0.01382506682526922,1,5
mph_gait,clip_length,len4_c2c3_full,test_all_personal,subject_macro,mAP,0.7399693253168451,0.0,0.054832779964688876,1,5
mph_gait,clip_length,len4_c2c3_full,test_all_personal,subject_macro,rank1,0.8291390091390092,0.0,0.02197081482639313,1,5
mph_gait,clip_length,len4_c2c3_full,test_all_personal,subject_macro,rank5,0.9419028379028378,0.0,0.013898068000765009,1,5
mph_gait,clip_length,len4_c2c3_full,test_fixed5_c4c5_normal,query_micro,mAP,0.6058267219738972,0.0,0.08036273484619089,1,5
mph_gait,clip_length,len4_c2c3_full,test_fixed5_c4c5_normal,query_micro,rank1,0.6657004830917874,0.0,0.10416874954159266,1,5
mph_gait,clip_length,len4_c2c3_full,test_fixed5_c4c5_normal,query_micro,rank5,0.872463768115942,0.0,0.05253053997707512,1,5
mph_gait,clip_length,len4_c2c3_full,test_fixed5_c4c5_normal,subject_macro,mAP,0.6056872542328927,0.0,0.081790270816905,1,5
mph_gait,clip_length,len4_c2c3_full,test_fixed5_c4c5_normal,subject_macro,rank1,0.6647985153764581,0.0,0.10540290035198521,1,5
mph_gait,clip_length,len4_c2c3_full,test_fixed5_c4c5_normal,subject_macro,rank5,0.8693849416755037,0.0,0.05422465093976393,1,5
mph_gait,clip_length,len4_c2c3_full,test_fixed5_c7,query_micro,mAP,0.5939298759507281,0.0,0.05677183222552028,1,5
mph_gait,clip_length,len4_c2c3_full,test_fixed5_c7,query_micro,rank1,0.6542857142857142,0.0,0.08325029876761979,1,5
mph_gait,clip_length,len4_c2c3_full,test_fixed5_c7,query_micro,rank5,0.8814285714285715,0.0,0.060541771715477415,1,5
mph_gait,clip_length,len4_c2c3_full,test_fixed5_c7,subject_macro,mAP,0.5244892745651304,0.0,0.06788752776130741,1,5
mph_gait,clip_length,len4_c2c3_full,test_fixed5_c7,subject_macro,rank1,0.56375,0.0,0.11380874551437407,1,5
mph_gait,clip_length,len4_c2c3_full,test_fixed5_c7,subject_macro,rank5,0.8204166666666666,0.0,0.07395569244111269,1,5
mph_gait,clip_length,len4_c2c3_full,test_fixed5_to_personal,query_micro,mAP,0.7202442071594224,0.0,0.06002998938146362,1,5
mph_gait,clip_length,len4_c2c3_full,test_fixed5_to_personal,query_micro,rank1,0.8277227722772278,0.0,0.04954453862652199,1,5
mph_gait,clip_length,len4_c2c3_full,test_fixed5_to_personal,query_micro,rank5,0.9623762376237623,0.0,0.019198732108579503,1,5
mph_gait,clip_length,len4_c2c3_full,test_fixed5_to_personal,subject_macro,mAP,0.7208620164050232,0.0,0.05967028132382127,1,5
mph_gait,clip_length,len4_c2c3_full,test_fixed5_to_personal,subject_macro,rank1,0.8280952380952382,0.0,0.048558354916528476,1,5
mph_gait,clip_length,len4_c2c3_full,test_fixed5_to_personal,subject_macro,rank5,0.9623809523809523,0.0,0.019401475035679384,1,5
mph_gait,clip_length,len4_c2c3_full,test_fixed5_to_special,query_micro,mAP,0.6114982188393556,0.0,0.0795625591663685,1,5
mph_gait,clip_length,len4_c2c3_full,test_fixed5_to_special,query_micro,rank1,0.6604215456674474,0.0,0.1053187396538094,1,5
mph_gait,clip_length,len4_c2c3_full,test_fixed5_to_special,query_micro,rank5,0.8814988290398127,0.0,0.04111654584984497,1,5
mph_gait,clip_length,len4_c2c3_full,test_fixed5_to_special,subject_macro,mAP,0.5925157905686482,0.0,0.08368804390288019,1,5
mph_gait,clip_length,len4_c2c3_full,test_fixed5_to_special,subject_macro,rank1,0.6358825064057768,0.0,0.10700403461118652,1,5
mph_gait,clip_length,len4_c2c3_full,test_fixed5_to_special,subject_macro,rank5,0.8572688795713953,0.0,0.04541417086508596,1,5
mph_gait,clip_length,len4_c2c3_full,test_general_to_personal,query_micro,mAP,0.7542946397490506,0.0,0.0747383925595905,1,5
mph_gait,clip_length,len4_c2c3_full,test_general_to_personal,query_micro,rank1,0.8237450980392158,0.0,0.055846648380476385,1,5
mph_gait,clip_length,len4_c2c3_full,test_general_to_personal,query_micro,rank5,0.9178529411764705,0.0,0.037419301867473886,1,5
mph_gait,clip_length,len4_c2c3_full,test_general_to_personal,subject_macro,mAP,0.7563697510514069,0.0,0.075403743116695,1,5
mph_gait,clip_length,len4_c2c3_full,test_general_to_personal,subject_macro,rank1,0.8262727272727274,0.0,0.055621507226213306,1,5
mph_gait,clip_length,len4_c2c3_full,test_general_to_personal,subject_macro,rank5,0.9191363636363636,0.0,0.037298328236748106,1,5
mph_gait,clip_length,len4_c2c3_full,test_mixed_c2_to_c3,query_micro,mAP,0.7873997980397609,0.0,0.05350436182648521,1,5
mph_gait,clip_length,len4_c2c3_full,test_mixed_c2_to_c3,query_micro,rank1,0.8172222222222223,0.0,0.05545546539319014,1,5
mph_gait,clip_length,len4_c2c3_full,test_mixed_c2_to_c3,query_micro,rank5,0.925,0.0,0.054772255750516606,1,5
mph_gait,clip_length,len4_c2c3_full,test_mixed_c2_to_c3,subject_macro,mAP,0.7873997980397609,0.0,0.05350436182648521,1,5
mph_gait,clip_length,len4_c2c3_full,test_mixed_c2_to_c3,subject_macro,rank1,0.8172222222222223,0.0,0.05545546539319014,1,5
mph_gait,clip_length,len4_c2c3_full,test_mixed_c2_to_c3,subject_macro,rank5,0.925,0.0,0.054772255750516606,1,5
mph_gait,clip_length,len4_c2c3_full,test_mixed_c3_to_c2,query_micro,mAP,0.8121475365550982,0.0,0.03920611205681446,1,5
mph_gait,clip_length,len4_c2c3_full,test_mixed_c3_to_c2,query_micro,rank1,0.8222222222222222,0.0,0.05480042353625643,1,5
mph_gait,clip_length,len4_c2c3_full,test_mixed_c3_to_c2,query_micro,rank5,0.9394444444444444,0.0,0.033351846710674725,1,5
mph_gait,clip_length,len4_c2c3_full,test_mixed_c3_to_c2,subject_macro,mAP,0.8121475365550982,0.0,0.03920611205681446,1,5
mph_gait,clip_length,len4_c2c3_full,test_mixed_c3_to_c2,subject_macro,rank1,0.8222222222222222,0.0,0.05480042353625643,1,5
mph_gait,clip_length,len4_c2c3_full,test_mixed_c3_to_c2,subject_macro,rank5,0.9394444444444444,0.0,0.033351846710674725,1,5
mph_gait,clip_length,len4_c2c3_full,test_query_micro_overall,query_micro,mAP,0.6522340787061713,0.0,0.06554277876215422,1,5
mph_gait,clip_length,len4_c2c3_full,test_query_micro_overall,query_micro,rank1,0.7138513015553747,0.0,0.07732913447203826,1,5
mph_gait,clip_length,len4_c2c3_full,test_query_micro_overall,query_micro,rank5,0.9005074389796146,0.0,0.0282250718951381,1,5
mph_gait,clip_length,len4_c2c3_full,test_query_micro_overall,subject_macro,mAP,0.6879872549061817,0.0,0.0576746035478135,1,5
mph_gait,clip_length,len4_c2c3_full,test_query_micro_overall,subject_macro,rank1,0.751835979779117,0.0,0.04764101468392092,1,5
mph_gait,clip_length,len4_c2c3_full,test_query_micro_overall,subject_macro,rank5,0.9003991393863944,0.0,0.01995764705242692,1,5
mph_gait,clip_length,len4_c2c3_full,val,query_micro,mAP,0.8948324039444036,0.0,0.020845396507811583,1,5
mph_gait,clip_length,len4_c2c3_full,val,query_micro,rank1,0.9450392156862746,0.0,0.04246805344308714,1,5
mph_gait,clip_length,len4_c2c3_full,val,query_micro,rank5,0.9869999999999999,0.0,0.008717797887081356,1,5
mph_gait,clip_length,len4_c2c3_full,val,subject_macro,mAP,0.8953007121926004,0.0,0.021551247244590916,1,5
mph_gait,clip_length,len4_c2c3_full,val,subject_macro,rank1,0.945,0.0,0.04242640687119289,1,5
mph_gait,clip_length,len4_c2c3_full,val,subject_macro,rank5,0.9870000000000001,0.0,0.008717797887081337,1,5
mph_gait,clip_length,len4_c2c3_full,val_c2_to_c3,query_micro,mAP,0.9550750367343426,0.0,0.02249052339714901,1,5
mph_gait,clip_length,len4_c2c3_full,val_c2_to_c3,query_micro,rank1,0.99,0.0,0.020000000000000018,1,5
mph_gait,clip_length,len4_c2c3_full,val_c2_to_c3,query_micro,rank5,0.99,0.0,0.020000000000000018,1,5
mph_gait,clip_length,len4_c2c3_full,val_c2_to_c3,subject_macro,mAP,0.9550750367343426,0.0,0.02249052339714901,1,5
mph_gait,clip_length,len4_c2c3_full,val_c2_to_c3,subject_macro,rank1,0.99,0.0,0.020000000000000018,1,5
mph_gait,clip_length,len4_c2c3_full,val_c2_to_c3,subject_macro,rank5,0.99,0.0,0.020000000000000018,1,5
mph_gait,clip_length,len4_c2c3_full,val_c3_to_c2,query_micro,mAP,0.9407703375816345,0.0,0.037352572761026034,1,5
mph_gait,clip_length,len4_c2c3_full,val_c3_to_c2,query_micro,rank1,0.9525,0.0,0.07262919523166975,1,5
mph_gait,clip_length,len4_c2c3_full,val_c3_to_c2,query_micro,rank5,1.0,0.0,0.0,1,5
mph_gait,clip_length,len4_c2c3_full,val_c3_to_c2,subject_macro,mAP,0.9407703375816345,0.0,0.037352572761026034,1,5
mph_gait,clip_length,len4_c2c3_full,val_c3_to_c2,subject_macro,rank1,0.9525,0.0,0.07262919523166975,1,5
mph_gait,clip_length,len4_c2c3_full,val_c3_to_c2,subject_macro,rank5,1.0,0.0,0.0,1,5
mph_gait,clip_length,len8_c2c3_full,diagnostic_fixed5_only_to_special,query_micro,mAP,0.7396127389905324,0.0,0.03890678672283784,1,5
mph_gait,clip_length,len8_c2c3_full,diagnostic_fixed5_only_to_special,query_micro,rank1,0.8177985948477751,0.0,0.03623246764555265,1,5
mph_gait,clip_length,len8_c2c3_full,diagnostic_fixed5_only_to_special,query_micro,rank5,0.9480093676814988,0.0,0.016184686223110967,1,5
mph_gait,clip_length,len8_c2c3_full,diagnostic_fixed5_only_to_special,subject_macro,mAP,0.7200158409022934,0.0,0.036339208052884264,1,5
mph_gait,clip_length,len8_c2c3_full,diagnostic_fixed5_only_to_special,subject_macro,rank1,0.7918705800139763,0.0,0.030851431817173442,1,5
mph_gait,clip_length,len8_c2c3_full,diagnostic_fixed5_only_to_special,subject_macro,rank5,0.9309445143256465,0.0,0.024177610886172395,1,5
mph_gait,clip_length,len8_c2c3_full,test_all_personal,query_micro,mAP,0.7569485012015995,0.0,0.02264832809827926,1,5
mph_gait,clip_length,len8_c2c3_full,test_all_personal,query_micro,rank1,0.8569626894783356,0.0,0.04610027707508789,1,5
mph_gait,clip_length,len8_c2c3_full,test_all_personal,query_micro,rank5,0.9710931503113667,0.0,0.02454816886318651,1,5
mph_gait,clip_length,len8_c2c3_full,test_all_personal,subject_macro,mAP,0.757972606747271,0.0,0.02188083751740149,1,5
mph_gait,clip_length,len8_c2c3_full,test_all_personal,subject_macro,rank1,0.8585324675324675,0.0,0.045128208882813145,1,5
mph_gait,clip_length,len8_c2c3_full,test_all_personal,subject_macro,rank5,0.9713477633477634,0.0,0.024491320640692676,1,5
mph_gait,clip_length,len8_c2c3_full,test_fixed5_c4c5_normal,query_micro,mAP,0.600017041147907,0.0,0.07682657590443155,1,5
mph_gait,clip_length,len8_c2c3_full,test_fixed5_c4c5_normal,query_micro,rank1,0.6550724637681159,0.0,0.08942288666408958,1,5
mph_gait,clip_length,len8_c2c3_full,test_fixed5_c4c5_normal,query_micro,rank5,0.9053140096618357,0.0,0.04380979342513869,1,5
mph_gait,clip_length,len8_c2c3_full,test_fixed5_c4c5_normal,subject_macro,mAP,0.5985828313971391,0.0,0.07636992821109734,1,5
mph_gait,clip_length,len8_c2c3_full,test_fixed5_c4c5_normal,subject_macro,rank1,0.6512852598091199,0.0,0.09036279547592654,1,5
mph_gait,clip_length,len8_c2c3_full,test_fixed5_c4c5_normal,subject_macro,rank5,0.9024316012725343,0.0,0.04517463339826881,1,5
mph_gait,clip_length,len8_c2c3_full,test_fixed5_c7,query_micro,mAP,0.5867551412912352,0.0,0.058874980275290645,1,5
mph_gait,clip_length,len8_c2c3_full,test_fixed5_c7,query_micro,rank1,0.6985714285714286,0.0,0.0639515122445697,1,5
mph_gait,clip_length,len8_c2c3_full,test_fixed5_c7,query_micro,rank5,0.9,0.0,0.030970690555255434,1,5
mph_gait,clip_length,len8_c2c3_full,test_fixed5_c7,subject_macro,mAP,0.5273179328162223,0.0,0.05512195673990805,1,5
mph_gait,clip_length,len8_c2c3_full,test_fixed5_c7,subject_macro,rank1,0.6170833333333333,0.0,0.07377941974411145,1,5
mph_gait,clip_length,len8_c2c3_full,test_fixed5_c7,subject_macro,rank5,0.8574999999999999,0.0,0.052284611077788035,1,5
mph_gait,clip_length,len8_c2c3_full,test_fixed5_to_personal,query_micro,mAP,0.6971561455343029,0.0,0.05474207227190083,1,5
mph_gait,clip_length,len8_c2c3_full,test_fixed5_to_personal,query_micro,rank1,0.8297029702970298,0.0,0.09061434604869346,1,5
mph_gait,clip_length,len8_c2c3_full,test_fixed5_to_personal,query_micro,rank5,0.9683168316831683,0.0,0.02376237623762375,1,5
mph_gait,clip_length,len8_c2c3_full,test_fixed5_to_personal,subject_macro,mAP,0.6977225528040102,0.0,0.053905821113046315,1,5
mph_gait,clip_length,len8_c2c3_full,test_fixed5_to_personal,subject_macro,rank1,0.8314285714285713,0.0,0.08865280439947269,1,5
mph_gait,clip_length,len8_c2c3_full,test_fixed5_to_personal,subject_macro,rank5,0.9681904761904763,0.0,0.023699555570524167,1,5
mph_gait,clip_length,len8_c2c3_full,test_fixed5_to_special,query_micro,mAP,0.6246042173992694,0.0,0.07194172633644791,1,5
mph_gait,clip_length,len8_c2c3_full,test_fixed5_to_special,query_micro,rank1,0.7072599531615925,0.0,0.07311893972989472,1,5
mph_gait,clip_length,len8_c2c3_full,test_fixed5_to_special,query_micro,rank5,0.9199063231850116,0.0,0.025066207326013397,1,5
mph_gait,clip_length,len8_c2c3_full,test_fixed5_to_special,subject_macro,mAP,0.6071095351700805,0.0,0.06885665305154982,1,5
mph_gait,clip_length,len8_c2c3_full,test_fixed5_to_special,subject_macro,rank1,0.6817953179594689,0.0,0.07119944255693679,1,5
mph_gait,clip_length,len8_c2c3_full,test_fixed5_to_special,subject_macro,rank5,0.8986099697181459,0.0,0.03146226092972765,1,5
mph_gait,clip_length,len8_c2c3_full,test_general_to_personal,query_micro,mAP,0.8160660051098642,0.0,0.04333983074200113,1,5
mph_gait,clip_length,len8_c2c3_full,test_general_to_personal,query_micro,rank1,0.8814313725490196,0.0,0.04210117617105901,1,5
mph_gait,clip_length,len8_c2c3_full,test_general_to_personal,query_micro,rank5,0.974156862745098,0.0,0.030654628799260522,1,5
mph_gait,clip_length,len8_c2c3_full,test_general_to_personal,subject_macro,mAP,0.8172094000862403,0.0,0.0428441122720907,1,5
mph_gait,clip_length,len8_c2c3_full,test_general_to_personal,subject_macro,rank1,0.8826363636363637,0.0,0.042475466910396616,1,5
mph_gait,clip_length,len8_c2c3_full,test_general_to_personal,subject_macro,rank5,0.9747272727272727,0.0,0.030426174030194857,1,5
mph_gait,clip_length,len8_c2c3_full,test_mixed_c2_to_c3,query_micro,mAP,0.8292061206118928,0.0,0.06408827025541507,1,5
mph_gait,clip_length,len8_c2c3_full,test_mixed_c2_to_c3,query_micro,rank1,0.8794444444444445,0.0,0.06704982484947801,1,5
mph_gait,clip_length,len8_c2c3_full,test_mixed_c2_to_c3,query_micro,rank5,0.9800000000000001,0.0,0.039999999999999994,1,5
mph_gait,clip_length,len8_c2c3_full,test_mixed_c2_to_c3,subject_macro,mAP,0.8292061206118928,0.0,0.06408827025541507,1,5
mph_gait,clip_length,len8_c2c3_full,test_mixed_c2_to_c3,subject_macro,rank1,0.8794444444444445,0.0,0.06704982484947801,1,5
mph_gait,clip_length,len8_c2c3_full,test_mixed_c2_to_c3,subject_macro,rank5,0.9800000000000001,0.0,0.039999999999999994,1,5
mph_gait,clip_length,len8_c2c3_full,test_mixed_c3_to_c2,query_micro,mAP,0.8237288475864464,0.0,0.048111990193616484,1,5
mph_gait,clip_length,len8_c2c3_full,test_mixed_c3_to_c2,query_micro,rank1,0.856111111111111,0.0,0.05227538664976774,1,5
mph_gait,clip_length,len8_c2c3_full,test_mixed_c3_to_c2,query_micro,rank5,0.9544444444444444,0.0,0.024062675364119653,1,5
mph_gait,clip_length,len8_c2c3_full,test_mixed_c3_to_c2,subject_macro,mAP,0.8237288475864464,0.0,0.048111990193616484,1,5
mph_gait,clip_length,len8_c2c3_full,test_mixed_c3_to_c2,subject_macro,rank1,0.856111111111111,0.0,0.05227538664976774,1,5
mph_gait,clip_length,len8_c2c3_full,test_mixed_c3_to_c2,subject_macro,rank5,0.9544444444444444,0.0,0.024062675364119653,1,5
mph_gait,clip_length,len8_c2c3_full,test_query_micro_overall,query_micro,mAP,0.6668967150688349,0.0,0.05277701861014372,1,5
mph_gait,clip_length,len8_c2c3_full,test_query_micro_overall,query_micro,rank1,0.7549503070308468,0.0,0.05399949491377786,1,5
mph_gait,clip_length,len8_c2c3_full,test_query_micro_overall,query_micro,rank5,0.9361423529630871,0.0,0.021369845244773863,1,5
mph_gait,clip_length,len8_c2c3_full,test_query_micro_overall,subject_macro,mAP,0.7202705701801893,0.0,0.027191942495770664,1,5
mph_gait,clip_length,len8_c2c3_full,test_query_micro_overall,subject_macro,rank1,0.7977555300908242,0.0,0.027794351292828905,1,5
mph_gait,clip_length,len8_c2c3_full,test_query_micro_overall,subject_macro,rank5,0.9444355629120335,0.0,0.024958851087191418,1,5
mph_gait,clip_length,len8_c2c3_full,val,query_micro,mAP,0.9145537970130351,0.0,0.0357928569556194,1,5
mph_gait,clip_length,len8_c2c3_full,val,query_micro,rank1,0.973656862745098,0.0,0.012839903798921236,1,5
mph_gait,clip_length,len8_c2c3_full,val,query_micro,rank5,0.998,0.0,0.0040000000000000036,1,5
mph_gait,clip_length,len8_c2c3_full,val,subject_macro,mAP,0.9152950095453045,0.0,0.035450962182397266,1,5
mph_gait,clip_length,len8_c2c3_full,val,subject_macro,rank1,0.9740454545454545,0.0,0.01246847263771133,1,5
mph_gait,clip_length,len8_c2c3_full,val,subject_macro,rank5,0.998,0.0,0.0040000000000000036,1,5
mph_gait,clip_length,len8_c2c3_full,val_c2_to_c3,query_micro,mAP,0.9317948853969573,0.0,0.057408252780974965,1,5
mph_gait,clip_length,len8_c2c3_full,val_c2_to_c3,query_micro,rank1,0.96,0.0,0.058309518948453015,1,5
mph_gait,clip_length,len8_c2c3_full,val_c2_to_c3,query_micro,rank5,1.0,0.0,0.0,1,5
mph_gait,clip_length,len8_c2c3_full,val_c2_to_c3,subject_macro,mAP,0.9317948853969573,0.0,0.057408252780974965,1,5
mph_gait,clip_length,len8_c2c3_full,val_c2_to_c3,subject_macro,rank1,0.96,0.0,0.058309518948453015,1,5
mph_gait,clip_length,len8_c2c3_full,val_c2_to_c3,subject_macro,rank5,1.0,0.0,0.0,1,5
mph_gait,clip_length,len8_c2c3_full,val_c3_to_c2,query_micro,mAP,0.92084456987679,0.0,0.0580121767715028,1,5
mph_gait,clip_length,len8_c2c3_full,val_c3_to_c2,query_micro,rank1,0.8825,0.0,0.1105667219374799,1,5
mph_gait,clip_length,len8_c2c3_full,val_c3_to_c2,query_micro,rank5,1.0,0.0,0.0,1,5
mph_gait,clip_length,len8_c2c3_full,val_c3_to_c2,subject_macro,mAP,0.92084456987679,0.0,0.0580121767715028,1,5
mph_gait,clip_length,len8_c2c3_full,val_c3_to_c2,subject_macro,rank1,0.8825,0.0,0.1105667219374799,1,5
mph_gait,clip_length,len8_c2c3_full,val_c3_to_c2,subject_macro,rank5,1.0,0.0,0.0,1,5
mph_gait,train_clothing,len15_c2,diagnostic_fixed5_only_to_special,query_micro,mAP,0.6621504671900743,0.046078447634629774,0.07360307646247058,3,15
mph_gait,train_clothing,len15_c2,diagnostic_fixed5_only_to_special,query_micro,rank1,0.6982045277127243,0.05197351636924449,0.10412416658458865,3,15
mph_gait,train_clothing,len15_c2,diagnostic_fixed5_only_to_special,query_micro,rank5,0.8868071818891492,0.010717253584218883,0.025218421861975444,3,15
mph_gait,train_clothing,len15_c2,diagnostic_fixed5_only_to_special,subject_macro,mAP,0.636505189070299,0.04307636340238589,0.06744059703298634,3,15
mph_gait,train_clothing,len15_c2,diagnostic_fixed5_only_to_special,subject_macro,rank1,0.657275960866527,0.047598852502756854,0.0908394952189051,3,15
mph_gait,train_clothing,len15_c2,diagnostic_fixed5_only_to_special,subject_macro,rank5,0.8477580712788261,0.012384326229246196,0.03235095255511365,3,15
mph_gait,train_clothing,len15_c2,test_all_personal,query_micro,mAP,0.6804796298160457,0.05924024148427663,0.11046859705744429,3,15
mph_gait,train_clothing,len15_c2,test_all_personal,query_micro,rank1,0.733932240294504,0.05646379352411718,0.12606009855547412,3,15
mph_gait,train_clothing,len15_c2,test_all_personal,query_micro,rank5,0.903429039563001,0.021558352602854335,0.06104362821324326,3,15
mph_gait,train_clothing,len15_c2,test_all_personal,subject_macro,mAP,0.6810830704119377,0.059194635074000974,0.11047667539313308,3,15
mph_gait,train_clothing,len15_c2,test_all_personal,subject_macro,rank1,0.7344787558120891,0.05678344884156976,0.1265657415170518,3,15
mph_gait,train_clothing,len15_c2,test_all_personal,subject_macro,rank5,0.903087061087061,0.021828636058331276,0.06145803120115636,3,15
mph_gait,train_clothing,len15_c2,test_fixed5_c4c5_normal,query_micro,mAP,0.532279885308322,0.0377481812663405,0.09464849700581414,3,15
mph_gait,train_clothing,len15_c2,test_fixed5_c4c5_normal,query_micro,rank1,0.5626409017713365,0.05951948743461545,0.1335160206904742,3,15
mph_gait,train_clothing,len15_c2,test_fixed5_c4c5_normal,query_micro,rank5,0.8115942028985508,0.019706355608088047,0.05130789583517585,3,15
mph_gait,train_clothing,len15_c2,test_fixed5_c4c5_normal,subject_macro,mAP,0.5320407810682722,0.03658117091256572,0.09251450368355059,3,15
mph_gait,train_clothing,len15_c2,test_fixed5_c4c5_normal,subject_macro,rank1,0.5611498762813715,0.05669822436824703,0.12856000958592947,3,15
mph_gait,train_clothing,len15_c2,test_fixed5_c4c5_normal,subject_macro,rank5,0.8072576882290562,0.01946480089439082,0.05126707498926391,3,15
mph_gait,train_clothing,len15_c2,test_fixed5_c7,query_micro,mAP,0.5458212026261858,0.052488546544935566,0.11195318026922337,3,15
mph_gait,train_clothing,len15_c2,test_fixed5_c7,query_micro,rank1,0.5909523809523809,0.06999838028576368,0.15554308340022963,3,15
mph_gait,train_clothing,len15_c2,test_fixed5_c7,query_micro,rank5,0.8314285714285714,0.01851640199545103,0.050359253586294415,3,15
mph_gait,train_clothing,len15_c2,test_fixed5_c7,subject_macro,mAP,0.4643707347795781,0.04504966249556908,0.10105083053329782,3,15
mph_gait,train_clothing,len15_c2,test_fixed5_c7,subject_macro,rank1,0.48208333333333336,0.06219741569003104,0.1553591269714571,3,15
mph_gait,train_clothing,len15_c2,test_fixed5_c7,subject_macro,rank5,0.7294444444444445,0.029647491722439155,0.07321908187499544,3,15
mph_gait,train_clothing,len15_c2,test_fixed5_to_personal,query_micro,mAP,0.6022386465725725,0.06502850565181381,0.12967272123927115,3,15
mph_gait,train_clothing,len15_c2,test_fixed5_to_personal,query_micro,rank1,0.6171617161716171,0.07374446958909206,0.1844763452697326,3,15
mph_gait,train_clothing,len15_c2,test_fixed5_to_personal,query_micro,rank5,0.8495049504950497,0.02923727338660082,0.09140424751479212,3,15
mph_gait,train_clothing,len15_c2,test_fixed5_to_personal,subject_macro,mAP,0.6025909515460804,0.06498013653465266,0.12964294681575525,3,15
mph_gait,train_clothing,len15_c2,test_fixed5_to_personal,subject_macro,rank1,0.618,0.0738892145322134,0.1842969275945372,3,15
mph_gait,train_clothing,len15_c2,test_fixed5_to_personal,subject_macro,rank5,0.8485714285714286,0.029665711212925685,0.09236016784678512,3,15
mph_gait,train_clothing,len15_c2,test_fixed5_to_special,query_micro,mAP,0.5575155767796097,0.04455047545495762,0.10227964687958212,3,15
mph_gait,train_clothing,len15_c2,test_fixed5_to_special,query_micro,rank1,0.5978142076502732,0.06556298933713284,0.1469175499640612,3,15
mph_gait,train_clothing,len15_c2,test_fixed5_to_special,query_micro,rank5,0.8427790788446526,0.019917187955115646,0.04682175087644419,3,15
mph_gait,train_clothing,len15_c2,test_fixed5_to_special,subject_macro,mAP,0.5335874780828175,0.040686560518745994,0.09493709959163577,3,15
mph_gait,train_clothing,len15_c2,test_fixed5_to_special,subject_macro,rank1,0.561428923053032,0.05784822165484301,0.1310688051930692,3,15
mph_gait,train_clothing,len15_c2,test_fixed5_to_special,subject_macro,rank5,0.8008440639801226,0.018694860824959362,0.046085011228873846,3,15
mph_gait,train_clothing,len15_c2,test_general_to_personal,query_micro,mAP,0.7618283530416248,0.05357563533670343,0.11491506209398744,3,15
mph_gait,train_clothing,len15_c2,test_general_to_personal,query_micro,rank1,0.8544346405228759,0.03792898449071052,0.10195541223069238,3,15
mph_gait,train_clothing,len15_c2,test_general_to_personal,query_micro,rank5,0.9592581699346404,0.012452396433638496,0.05135544190377201,3,15
mph_gait,train_clothing,len15_c2,test_general_to_personal,subject_macro,mAP,0.7623643518117341,0.05347262666658481,0.11489128791424955,3,15
mph_gait,train_clothing,len15_c2,test_general_to_personal,subject_macro,rank1,0.8543181818181819,0.03828645474681474,0.10234330897797854,3,15
mph_gait,train_clothing,len15_c2,test_general_to_personal,subject_macro,rank5,0.9592878787878787,0.012437409873883823,0.051360476348668804,3,15
mph_gait,train_clothing,len15_c2,test_mixed_c2_to_c3,query_micro,mAP,0.8114518750431361,0.04998417975155937,0.09986845175162994,3,15
mph_gait,train_clothing,len15_c2,test_mixed_c2_to_c3,query_micro,rank1,0.8501851851851852,0.0397013888214055,0.08693137794766218,3,15
mph_gait,train_clothing,len15_c2,test_mixed_c2_to_c3,query_micro,rank5,0.9683333333333334,0.013123346456686396,0.046963342678684565,3,15
mph_gait,train_clothing,len15_c2,test_mixed_c2_to_c3,subject_macro,mAP,0.8114518750431361,0.04998417975155937,0.09986845175162994,3,15
mph_gait,train_clothing,len15_c2,test_mixed_c2_to_c3,subject_macro,rank1,0.8501851851851852,0.0397013888214055,0.08693137794766218,3,15
mph_gait,train_clothing,len15_c2,test_mixed_c2_to_c3,subject_macro,rank5,0.9683333333333334,0.013123346456686396,0.046963342678684565,3,15
mph_gait,train_clothing,len15_c2,test_mixed_c3_to_c2,query_micro,mAP,0.8082114749470795,0.05504735954405536,0.08514084685528074,3,15
mph_gait,train_clothing,len15_c2,test_mixed_c3_to_c2,query_micro,rank1,0.8411111111111111,0.048863629838435604,0.07610097256074562,3,15
mph_gait,train_clothing,len15_c2,test_mixed_c3_to_c2,query_micro,rank5,0.9596296296296297,0.016785583990555093,0.03863497353044539,3,15
mph_gait,train_clothing,len15_c2,test_mixed_c3_to_c2,subject_macro,mAP,0.8082114749470795,0.05504735954405536,0.08514084685528074,3,15
mph_gait,train_clothing,len15_c2,test_mixed_c3_to_c2,subject_macro,rank1,0.8411111111111111,0.048863629838435604,0.07610097256074562,3,15
mph_gait,train_clothing,len15_c2,test_mixed_c3_to_c2,subject_macro,rank5,0.9596296296296297,0.016785583990555093,0.03863497353044539,3,15
mph_gait,train_clothing,len15_c2,test_query_micro_overall,query_micro,mAP,0.5964259417848138,0.049088682134173015,0.10071488841864568,3,15
mph_gait,train_clothing,len15_c2,test_query_micro_overall,query_micro,rank1,0.6409321716357419,0.06230580265220291,0.13349403855454897,3,15
mph_gait,train_clothing,len15_c2,test_query_micro_overall,query_micro,rank5,0.8619557785120978,0.020367449073105736,0.0476882167838727,3,15
mph_gait,train_clothing,len15_c2,test_query_micro_overall,subject_macro,mAP,0.6521320804100756,0.0494832252888977,0.0952366820765837,3,15
mph_gait,train_clothing,len15_c2,test_query_micro_overall,subject_macro,rank1,0.7108686717784757,0.05014060546279223,0.10069806636293081,3,15
mph_gait,train_clothing,len15_c2,test_query_micro_overall,subject_macro,rank5,0.8844161979269822,0.017650473261103142,0.04334542520597501,3,15
mph_gait,train_clothing,len15_c2,val,query_micro,mAP,0.8660516403584309,0.026660196903525356,0.06479361000688934,3,15
mph_gait,train_clothing,len15_c2,val,query_micro,rank1,0.948875816993464,0.011372352751668249,0.03700566988410391,3,15
mph_gait,train_clothing,len15_c2,val,query_micro,rank5,0.9920653594771243,0.004284192826200833,0.01214607716083082,3,15
mph_gait,train_clothing,len15_c2,val,subject_macro,mAP,0.8668136685933128,0.0266757869916432,0.0645826529886543,3,15
mph_gait,train_clothing,len15_c2,val,subject_macro,rank1,0.949030303030303,0.011255995239595402,0.036898385022430785,3,15
mph_gait,train_clothing,len15_c2,val,subject_macro,rank5,0.9921818181818182,0.004320493798938543,0.012096034457076283,3,15
mph_gait,train_clothing,len15_c2,val_c2_to_c3,query_micro,mAP,0.9162755196044842,0.02926657317936671,0.06525975438978328,3,15
mph_gait,train_clothing,len15_c2,val_c2_to_c3,query_micro,rank1,0.9225,0.04301162633521317,0.08180260794538682,3,15
mph_gait,train_clothing,len15_c2,val_c2_to_c3,query_micro,rank5,0.9933333333333333,0.00942809041582059,0.02494438257849294,3,15
mph_gait,train_clothing,len15_c2,val_c2_to_c3,subject_macro,mAP,0.9162755196044842,0.02926657317936671,0.06525975438978328,3,15
mph_gait,train_clothing,len15_c2,val_c2_to_c3,subject_macro,rank1,0.9225,0.04301162633521317,0.08180260794538682,3,15
mph_gait,train_clothing,len15_c2,val_c2_to_c3,subject_macro,rank5,0.9933333333333333,0.00942809041582059,0.02494438257849294,3,15
mph_gait,train_clothing,len15_c2,val_c3_to_c2,query_micro,mAP,0.8580358279496432,0.015353460844212036,0.06550838227125962,3,15
mph_gait,train_clothing,len15_c2,val_c3_to_c2,query_micro,rank1,0.8883333333333333,0.014337208778404439,0.08605553762283723,3,15
mph_gait,train_clothing,len15_c2,val_c3_to_c2,query_micro,rank5,0.9858333333333333,0.005892556509887875,0.023658449277630663,3,15
mph_gait,train_clothing,len15_c2,val_c3_to_c2,subject_macro,mAP,0.8580358279496432,0.015353460844212036,0.06550838227125962,3,15
mph_gait,train_clothing,len15_c2,val_c3_to_c2,subject_macro,rank1,0.8883333333333333,0.014337208778404439,0.08605553762283723,3,15
mph_gait,train_clothing,len15_c2,val_c3_to_c2,subject_macro,rank5,0.9858333333333333,0.005892556509887875,0.023658449277630663,3,15
mph_gait,train_clothing,len15_c3,diagnostic_fixed5_only_to_special,query_micro,mAP,0.7234148748643597,0.04733508044349702,0.06139687442735889,3,15
mph_gait,train_clothing,len15_c3,diagnostic_fixed5_only_to_special,query_micro,rank1,0.7814207650273225,0.0665218991005117,0.09369893051461003,3,15
mph_gait,train_clothing,len15_c3,diagnostic_fixed5_only_to_special,query_micro,rank5,0.9150663544106168,0.034338938509447935,0.054451313492494866,3,15
mph_gait,train_clothing,len15_c3,diagnostic_fixed5_only_to_special,subject_macro,mAP,0.7094974458448954,0.04771955111013852,0.06301101880969513,3,15
mph_gait,train_clothing,len15_c3,diagnostic_fixed5_only_to_special,subject_macro,rank1,0.7516794238683128,0.06688275337629453,0.09089490900270991,3,15
mph_gait,train_clothing,len15_c3,diagnostic_fixed5_only_to_special,subject_macro,rank5,0.8911336128581411,0.03812208639461797,0.0645645228900284,3,15
mph_gait,train_clothing,len15_c3,test_all_personal,query_micro,mAP,0.7338320677745916,0.02124539163465972,0.040950449710326006,3,15
mph_gait,train_clothing,len15_c3,test_all_personal,query_micro,rank1,0.7979523857817662,0.02130579314118531,0.05801693181108873,3,15
mph_gait,train_clothing,len15_c3,test_all_personal,query_micro,rank5,0.9502470411101195,0.008758093172129422,0.03155800962562525,3,15
mph_gait,train_clothing,len15_c3,test_all_personal,subject_macro,mAP,0.7344870711500224,0.021376830361065656,0.0409228604227238,3,15
mph_gait,train_clothing,len15_c3,test_all_personal,subject_macro,rank1,0.7987128427128427,0.021579929649959716,0.057470640475940624,3,15
mph_gait,train_clothing,len15_c3,test_all_personal,subject_macro,rank5,0.9504476511143177,0.00892265215174876,0.03175211085053854,3,15
mph_gait,train_clothing,len15_c3,test_fixed5_c4c5_normal,query_micro,mAP,0.5957767644438191,0.05662662056786444,0.10551161371138894,3,15
mph_gait,train_clothing,len15_c3,test_fixed5_c4c5_normal,query_micro,rank1,0.6524959742351046,0.08661350607709353,0.16393325925195995,3,15
mph_gait,train_clothing,len15_c3,test_fixed5_c4c5_normal,query_micro,rank5,0.8734299516908214,0.04453536873143811,0.08039669202981534,3,15
mph_gait,train_clothing,len15_c3,test_fixed5_c4c5_normal,subject_macro,mAP,0.5980390053468965,0.05553368085441228,0.10506989056461195,3,15
mph_gait,train_clothing,len15_c3,test_fixed5_c4c5_normal,subject_macro,rank1,0.6519946977730647,0.08485745831344312,0.1626556491533905,3,15
mph_gait,train_clothing,len15_c3,test_fixed5_c4c5_normal,subject_macro,rank5,0.8716408624955815,0.04406084460242765,0.081142710678388,3,15
mph_gait,train_clothing,len15_c3,test_fixed5_c7,query_micro,mAP,0.6100403314669217,0.04783911283063586,0.07686036068364381,3,15
mph_gait,train_clothing,len15_c3,test_fixed5_c7,query_micro,rank1,0.6780952380952381,0.07385712750606206,0.11128399248825945,3,15
mph_gait,train_clothing,len15_c3,test_fixed5_c7,query_micro,rank5,0.8685714285714284,0.040254293724586755,0.06137871731125954,3,15
mph_gait,train_clothing,len15_c3,test_fixed5_c7,subject_macro,mAP,0.531689197535937,0.05391413093909885,0.07488727961301406,3,15
mph_gait,train_clothing,len15_c3,test_fixed5_c7,subject_macro,rank1,0.5768055555555556,0.08543213500409565,0.12470304232628851,3,15
mph_gait,train_clothing,len15_c3,test_fixed5_c7,subject_macro,rank5,0.7836111111111111,0.06704953715051859,0.09932022036241919,3,15
mph_gait,train_clothing,len15_c3,test_fixed5_to_personal,query_micro,mAP,0.6812143439310218,0.0370491076443493,0.07080426297164367,3,15
mph_gait,train_clothing,len15_c3,test_fixed5_to_personal,query_micro,rank1,0.7247524752475248,0.03973575430572257,0.12239909214424824,3,15
mph_gait,train_clothing,len15_c3,test_fixed5_to_personal,query_micro,rank5,0.926072607260726,0.01595121580672552,0.05098342314805944,3,15
mph_gait,train_clothing,len15_c3,test_fixed5_to_personal,subject_macro,mAP,0.6812794646223385,0.03722425753875676,0.07042937269962972,3,15
mph_gait,train_clothing,len15_c3,test_fixed5_to_personal,subject_macro,rank1,0.7252698412698413,0.04020336311359709,0.12156145442041338,3,15
mph_gait,train_clothing,len15_c3,test_fixed5_to_personal,subject_macro,rank5,0.9258412698412698,0.015887422033998098,0.05156609087758215,3,15
mph_gait,train_clothing,len15_c3,test_fixed5_to_special,query_micro,mAP,0.6178734627374208,0.05046801972628461,0.08065966732197764,3,15
mph_gait,train_clothing,len15_c3,test_fixed5_to_special,query_micro,rank1,0.6838407494145199,0.07717684802474978,0.12328381359334596,3,15
mph_gait,train_clothing,len15_c3,test_fixed5_to_special,query_micro,rank5,0.8885245901639345,0.03822618617137276,0.05859358101531671,3,15
mph_gait,train_clothing,len15_c3,test_fixed5_to_special,subject_macro,mAP,0.6042271513226162,0.049673959801479706,0.08178590847406671,3,15
mph_gait,train_clothing,len15_c3,test_fixed5_to_special,subject_macro,rank1,0.6553213914123767,0.07620206896759679,0.12327221233326201,3,15
mph_gait,train_clothing,len15_c3,test_fixed5_to_special,subject_macro,rank5,0.8607449569065921,0.04361647908994413,0.06905163903297039,3,15
mph_gait,train_clothing,len15_c3,test_general_to_personal,query_micro,mAP,0.7861952913281282,0.008059460080071752,0.055623322349178224,3,15
mph_gait,train_clothing,len15_c3,test_general_to_personal,query_micro,rank1,0.8712647058823529,0.00960769641077775,0.056546838272542185,3,15
mph_gait,train_clothing,len15_c3,test_general_to_personal,query_micro,rank5,0.9754771241830066,0.0023098218611403844,0.02051474954639363,3,15
mph_gait,train_clothing,len15_c3,test_general_to_personal,subject_macro,mAP,0.7873649703907696,0.008121056435917628,0.05630685757933761,3,15
mph_gait,train_clothing,len15_c3,test_general_to_personal,subject_macro,rank1,0.8722272727272727,0.00989225703827475,0.05683340402150993,3,15
mph_gait,train_clothing,len15_c3,test_general_to_personal,subject_macro,rank5,0.975939393939394,0.0026228318694896655,0.01984146301886808,3,15
mph_gait,train_clothing,len15_c3,test_mixed_c2_to_c3,query_micro,mAP,0.8317300192873787,0.018751540124349222,0.043588359137747806,3,15
mph_gait,train_clothing,len15_c3,test_mixed_c2_to_c3,query_micro,rank1,0.8742592592592593,0.024697067241182754,0.06516413801625799,3,15
mph_gait,train_clothing,len15_c3,test_mixed_c2_to_c3,query_micro,rank5,0.9881481481481482,0.006040557937148146,0.018100845382648018,3,15
mph_gait,train_clothing,len15_c3,test_mixed_c2_to_c3,subject_macro,mAP,0.8317300192873787,0.018751540124349222,0.043588359137747806,3,15
mph_gait,train_clothing,len15_c3,test_mixed_c2_to_c3,subject_macro,rank1,0.8742592592592593,0.024697067241182754,0.06516413801625799,3,15
mph_gait,train_clothing,len15_c3,test_mixed_c2_to_c3,subject_macro,rank5,0.9881481481481482,0.006040557937148146,0.018100845382648018,3,15
mph_gait,train_clothing,len15_c3,test_mixed_c3_to_c2,query_micro,mAP,0.8005381581752941,0.023893948051376946,0.04566673240192435,3,15
mph_gait,train_clothing,len15_c3,test_mixed_c3_to_c2,query_micro,rank1,0.8044444444444444,0.02477470500794009,0.06878426942379055,3,15
mph_gait,train_clothing,len15_c3,test_mixed_c3_to_c2,query_micro,rank5,0.9574074074074076,0.0071769712500282,0.0462999998518637,3,15
mph_gait,train_clothing,len15_c3,test_mixed_c3_to_c2,subject_macro,mAP,0.8005381581752941,0.023893948051376946,0.04566673240192435,3,15
mph_gait,train_clothing,len15_c3,test_mixed_c3_to_c2,subject_macro,rank1,0.8044444444444444,0.02477470500794009,0.06878426942379055,3,15
mph_gait,train_clothing,len15_c3,test_mixed_c3_to_c2,subject_macro,rank5,0.9574074074074076,0.0071769712500282,0.0462999998518637,3,15
mph_gait,train_clothing,len15_c3,test_query_micro_overall,query_micro,mAP,0.6548106194464934,0.03864757964419908,0.0619631665022063,3,15
mph_gait,train_clothing,len15_c3,test_query_micro_overall,query_micro,rank1,0.720176988383911,0.05769012845568436,0.09815453490694853,3,15
mph_gait,train_clothing,len15_c3,test_query_micro_overall,query_micro,rank5,0.9080043105818332,0.025928662887792817,0.043757387255701885,3,15
mph_gait,train_clothing,len15_c3,test_query_micro_overall,subject_macro,mAP,0.7022448547618345,0.02259612429347594,0.04053826569575465,3,15
mph_gait,train_clothing,len15_c3,test_query_micro_overall,subject_macro,rank1,0.770551923530355,0.03316638571820631,0.0566967978909934,3,15
mph_gait,train_clothing,len15_c3,test_query_micro_overall,subject_macro,rank5,0.9251490430291084,0.017603844404623165,0.035005697396012156,3,15
mph_gait,train_clothing,len15_c3,val,query_micro,mAP,0.8875670735478596,0.020733206018502454,0.04870742434784674,3,15
mph_gait,train_clothing,len15_c3,val,query_micro,rank1,0.9503888888888888,0.0144064779181532,0.03218773658714515,3,15
mph_gait,train_clothing,len15_c3,val,query_micro,rank5,0.9960261437908496,0.0016490288042560158,0.007980646417772429,3,15
mph_gait,train_clothing,len15_c3,val,subject_macro,mAP,0.8883672343749892,0.02073147485273371,0.04848359521639185,3,15
mph_gait,train_clothing,len15_c3,val,subject_macro,rank1,0.9507121212121211,0.014412284959693624,0.032098212177269984,3,15
mph_gait,train_clothing,len15_c3,val,subject_macro,rank5,0.9961212121212121,0.0017077579155885705,0.00791460390699316,3,15
mph_gait,train_clothing,len15_c3,val_c2_to_c3,query_micro,mAP,0.9183807211617628,0.033729082605885675,0.04770635110349691,3,15
mph_gait,train_clothing,len15_c3,val_c2_to_c3,query_micro,rank1,0.9400000000000001,0.042866070498705576,0.06458198923332521,3,15
mph_gait,train_clothing,len15_c3,val_c2_to_c3,query_micro,rank5,0.9966666666666667,0.004714045207910321,0.012472191289246483,3,15
mph_gait,train_clothing,len15_c3,val_c2_to_c3,subject_macro,mAP,0.9183807211617628,0.033729082605885675,0.04770635110349691,3,15
mph_gait,train_clothing,len15_c3,val_c2_to_c3,subject_macro,rank1,0.9400000000000001,0.042866070498705576,0.06458198923332521,3,15
mph_gait,train_clothing,len15_c3,val_c2_to_c3,subject_macro,rank5,0.9966666666666667,0.004714045207910321,0.012472191289246483,3,15
mph_gait,train_clothing,len15_c3,val_c3_to_c2,query_micro,mAP,0.8747455943624178,0.021425191453020458,0.06521592712160604,3,15
mph_gait,train_clothing,len15_c3,val_c3_to_c2,query_micro,rank1,0.8825,0.006123724356957951,0.0735696948478108,3,15
mph_gait,train_clothing,len15_c3,val_c3_to_c2,query_micro,rank5,0.9791666666666666,0.008249579113843058,0.031512784001981736,3,15
mph_gait,train_clothing,len15_c3,val_c3_to_c2,subject_macro,mAP,0.8747455943624178,0.021425191453020458,0.06521592712160604,3,15
mph_gait,train_clothing,len15_c3,val_c3_to_c2,subject_macro,rank1,0.8825,0.006123724356957951,0.0735696948478108,3,15
mph_gait,train_clothing,len15_c3,val_c3_to_c2,subject_macro,rank5,0.9791666666666666,0.008249579113843058,0.031512784001981736,3,15
mph_gait,train_video_count,len15_16videos_per_id,diagnostic_fixed5_only_to_special,query_micro,mAP,0.74921491080248,0.030093174483130862,0.05094392950668438,3,15
mph_gait,train_video_count,len15_16videos_per_id,diagnostic_fixed5_only_to_special,query_micro,rank1,0.7953161592505854,0.01250389573781472,0.06959773381414303,3,15
mph_gait,train_video_count,len15_16videos_per_id,diagnostic_fixed5_only_to_special,query_micro,rank5,0.9202185792349727,0.0023367103118025986,0.040783198344612186,3,15
mph_gait,train_video_count,len15_16videos_per_id,diagnostic_fixed5_only_to_special,subject_macro,mAP,0.7267648582416681,0.031104491934004577,0.05608638443425608,3,15
mph_gait,train_video_count,len15_16videos_per_id,diagnostic_fixed5_only_to_special,subject_macro,rank1,0.7586340864973988,0.016627528930561603,0.07384871725651379,3,15
mph_gait,train_video_count,len15_16videos_per_id,diagnostic_fixed5_only_to_special,subject_macro,rank5,0.890808168336051,0.005172356213923738,0.05439949624590858,3,15
mph_gait,train_video_count,len15_16videos_per_id,test_all_personal,query_micro,mAP,0.7279055163800446,0.031324757240786635,0.06245645924747454,3,15
mph_gait,train_video_count,len15_16videos_per_id,test_all_personal,query_micro,rank1,0.7929917676132306,0.02216152718422764,0.06573303798219926,3,15
mph_gait,train_video_count,len15_16videos_per_id,test_all_personal,query_micro,rank5,0.931454079609663,0.016035351731316063,0.04038094762106741,3,15
mph_gait,train_video_count,len15_16videos_per_id,test_all_personal,subject_macro,mAP,0.728226701097307,0.031091175222396704,0.061998534674793666,3,15
mph_gait,train_video_count,len15_16videos_per_id,test_all_personal,subject_macro,rank1,0.7930362353695687,0.022352786506790373,0.06549836561275195,3,15
mph_gait,train_video_count,len15_16videos_per_id,test_all_personal,subject_macro,rank5,0.9313554593554594,0.016151885398319212,0.04054082373695373,3,15
mph_gait,train_video_count,len15_16videos_per_id,test_fixed5_c4c5_normal,query_micro,mAP,0.6212416800107933,0.03752104922148615,0.1150302809764993,3,15
mph_gait,train_video_count,len15_16videos_per_id,test_fixed5_c4c5_normal,query_micro,rank1,0.6763285024154589,0.02615247929231792,0.14480939897867115,3,15
mph_gait,train_video_count,len15_16videos_per_id,test_fixed5_c4c5_normal,query_micro,rank5,0.8524959742351047,0.02487596974857002,0.07771357241644486,3,15
mph_gait,train_video_count,len15_16videos_per_id,test_fixed5_c4c5_normal,subject_macro,mAP,0.6202979718014155,0.036648779989579806,0.11438625840338852,3,15
mph_gait,train_video_count,len15_16videos_per_id,test_fixed5_c4c5_normal,subject_macro,rank1,0.6734446800989748,0.025073115421004454,0.14150916627119345,3,15
mph_gait,train_video_count,len15_16videos_per_id,test_fixed5_c4c5_normal,subject_macro,rank5,0.8494577589254154,0.02420707330783618,0.07702058033546436,3,15
mph_gait,train_video_count,len15_16videos_per_id,test_fixed5_c7,query_micro,mAP,0.6052431586065463,0.029254370596924713,0.07633563752195337,3,15
mph_gait,train_video_count,len15_16videos_per_id,test_fixed5_c7,query_micro,rank1,0.65,0.023299294900428667,0.0902754665673104,3,15
mph_gait,train_video_count,len15_16videos_per_id,test_fixed5_c7,query_micro,rank5,0.8447619047619047,0.014061736247841274,0.05180199525132348,3,15
mph_gait,train_video_count,len15_16videos_per_id,test_fixed5_c7,subject_macro,mAP,0.5272075136337016,0.021495729720056117,0.058882536672073424,3,15
mph_gait,train_video_count,len15_16videos_per_id,test_fixed5_c7,subject_macro,rank1,0.5480555555555556,0.011057160687497352,0.07561655013501337,3,15
mph_gait,train_video_count,len15_16videos_per_id,test_fixed5_c7,subject_macro,rank5,0.7531944444444445,0.013129224775662739,0.06677884081239292,3,15
mph_gait,train_video_count,len15_16videos_per_id,test_fixed5_to_personal,query_micro,mAP,0.6734094329252102,0.042777212258203266,0.09599289083892101,3,15
mph_gait,train_video_count,len15_16videos_per_id,test_fixed5_to_personal,query_micro,rank1,0.6976897689768977,0.034689592986061814,0.12418366141379715,3,15
mph_gait,train_video_count,len15_16videos_per_id,test_fixed5_to_personal,query_micro,rank5,0.897029702970297,0.02348573844839227,0.058608509255242525,3,15
mph_gait,train_video_count,len15_16videos_per_id,test_fixed5_to_personal,subject_macro,mAP,0.6728313134203828,0.0425818866455356,0.09518584612298968,3,15
mph_gait,train_video_count,len15_16videos_per_id,test_fixed5_to_personal,subject_macro,rank1,0.6971428571428572,0.03513661922527568,0.12337261126106003,3,15
mph_gait,train_video_count,len15_16videos_per_id,test_fixed5_to_personal,subject_macro,rank5,0.8966031746031747,0.023785935405277948,0.05878663950789237,3,15
mph_gait,train_video_count,len15_16videos_per_id,test_fixed5_to_special,query_micro,mAP,0.6326549428815399,0.032059402513685775,0.09490695271775029,3,15
mph_gait,train_video_count,len15_16videos_per_id,test_fixed5_to_special,query_micro,rank1,0.6830601092896176,0.016100122999527545,0.11331818947323016,3,15
mph_gait,train_video_count,len15_16videos_per_id,test_fixed5_to_special,query_micro,rank5,0.8654176424668227,0.01455930457689277,0.05161347871149682,3,15
mph_gait,train_video_count,len15_16videos_per_id,test_fixed5_to_special,subject_macro,mAP,0.6100446873602321,0.030727927296539306,0.09421642985745572,3,15
mph_gait,train_video_count,len15_16videos_per_id,test_fixed5_to_special,subject_macro,rank1,0.647945259725134,0.014821488664649217,0.10564283576215068,3,15
mph_gait,train_video_count,len15_16videos_per_id,test_fixed5_to_special,subject_macro,rank5,0.8322170976007454,0.01516567633546777,0.054303711621010886,3,15
mph_gait,train_video_count,len15_16videos_per_id,test_general_to_personal,query_micro,mAP,0.7823562657483945,0.018576046192811946,0.0691422530450109,3,15
mph_gait,train_video_count,len15_16videos_per_id,test_general_to_personal,query_micro,rank1,0.8909411764705882,0.011832487203803239,0.0633791397312186,3,15
mph_gait,train_video_count,len15_16videos_per_id,test_general_to_personal,query_micro,rank5,0.9663856209150327,0.012680131892019471,0.04251690177621481,3,15
mph_gait,train_video_count,len15_16videos_per_id,test_general_to_personal,subject_macro,mAP,0.7835849325067618,0.0184435316612841,0.0699060049502179,3,15
mph_gait,train_video_count,len15_16videos_per_id,test_general_to_personal,subject_macro,rank1,0.8915151515151515,0.012092750676187685,0.06334411608949057,3,15
mph_gait,train_video_count,len15_16videos_per_id,test_general_to_personal,subject_macro,rank5,0.9665151515151514,0.012664473494341834,0.04258225443798296,3,15
mph_gait,train_video_count,len15_16videos_per_id,test_mixed_c2_to_c3,query_micro,mAP,0.8345981053594086,0.03707969636539611,0.053878397704031834,3,15
mph_gait,train_video_count,len15_16videos_per_id,test_mixed_c2_to_c3,query_micro,rank1,0.8796296296296297,0.03199258315968065,0.045232215961283344,3,15
mph_gait,train_video_count,len15_16videos_per_id,test_mixed_c2_to_c3,query_micro,rank5,0.9731481481481482,0.009689981816260093,0.04326759813082965,3,15
mph_gait,train_video_count,len15_16videos_per_id,test_mixed_c2_to_c3,subject_macro,mAP,0.8345981053594086,0.03707969636539611,0.053878397704031834,3,15
mph_gait,train_video_count,len15_16videos_per_id,test_mixed_c2_to_c3,subject_macro,rank1,0.8796296296296297,0.03199258315968065,0.045232215961283344,3,15
mph_gait,train_video_count,len15_16videos_per_id,test_mixed_c2_to_c3,subject_macro,rank5,0.9731481481481482,0.009689981816260093,0.04326759813082965,3,15
mph_gait,train_video_count,len15_16videos_per_id,test_mixed_c3_to_c2,query_micro,mAP,0.8299288469966916,0.035527265243621924,0.04873375969122162,3,15
mph_gait,train_video_count,len15_16videos_per_id,test_mixed_c3_to_c2,query_micro,rank1,0.8564814814814815,0.017686881826701778,0.054609224060937926,3,15
mph_gait,train_video_count,len15_16videos_per_id,test_mixed_c3_to_c2,query_micro,rank5,0.9899999999999999,0.010801234497346426,0.021984843263788197,3,15
mph_gait,train_video_count,len15_16videos_per_id,test_mixed_c3_to_c2,subject_macro,mAP,0.8299288469966916,0.035527265243621924,0.04873375969122162,3,15
mph_gait,train_video_count,len15_16videos_per_id,test_mixed_c3_to_c2,subject_macro,rank1,0.8564814814814815,0.017686881826701778,0.054609224060937926,3,15
mph_gait,train_video_count,len15_16videos_per_id,test_mixed_c3_to_c2,subject_macro,rank5,0.9899999999999999,0.010801234497346426,0.021984843263788197,3,15
mph_gait,train_video_count,len15_16videos_per_id,test_query_micro_overall,query_micro,mAP,0.6630486153790217,0.031623894982463624,0.08137142623349636,3,15
mph_gait,train_video_count,len15_16videos_per_id,test_query_micro_overall,query_micro,rank1,0.7182294731875691,0.015743700281409038,0.09196341051645926,3,15
mph_gait,train_video_count,len15_16videos_per_id,test_query_micro_overall,query_micro,rank5,0.8864156986592455,0.014766904805491508,0.04394481217364502,3,15
mph_gait,train_video_count,len15_16videos_per_id,test_query_micro_overall,subject_macro,mAP,0.7022649669228959,0.025879499324510388,0.0615865852802044,3,15
mph_gait,train_video_count,len15_16videos_per_id,test_query_micro_overall,subject_macro,rank1,0.7740908416565279,0.011096374242189589,0.05477476050807023,3,15
mph_gait,train_video_count,len15_16videos_per_id,test_query_micro_overall,subject_macro,rank5,0.9067303547457142,0.01261312400271821,0.038458624801637586,3,15
mph_gait,train_video_count,len15_16videos_per_id,val,query_micro,mAP,0.8833673516081438,0.012872964881303193,0.05601014585532419,3,15
mph_gait,train_video_count,len15_16videos_per_id,val,query_micro,rank1,0.9515816993464052,0.006699081773826469,0.03645774014090574,3,15
mph_gait,train_video_count,len15_16videos_per_id,val,query_micro,rank5,0.9892450980392157,0.004314935956132328,0.011156067260888275,3,15
mph_gait,train_video_count,len15_16videos_per_id,val,subject_macro,mAP,0.8842850618190838,0.012667602004145294,0.055521520623211265,3,15
mph_gait,train_video_count,len15_16videos_per_id,val,subject_macro,rank1,0.9517575757575759,0.006723313057984566,0.036309378713395825,3,15
mph_gait,train_video_count,len15_16videos_per_id,val,subject_macro,rank5,0.9893484848484849,0.004326918328582425,0.01109899936753374,3,15
mph_gait,train_video_count,len15_16videos_per_id,val_c2_to_c3,query_micro,mAP,0.9157661316792169,0.02788915136254002,0.059989013896859275,3,15
mph_gait,train_video_count,len15_16videos_per_id,val_c2_to_c3,query_micro,rank1,0.9216666666666667,0.028963578661637922,0.07792446485040638,3,15
mph_gait,train_video_count,len15_16videos_per_id,val_c2_to_c3,query_micro,rank5,0.9933333333333333,0.00942809041582059,0.02494438257849294,3,15
mph_gait,train_video_count,len15_16videos_per_id,val_c2_to_c3,subject_macro,mAP,0.9157661316792169,0.02788915136254002,0.059989013896859275,3,15
mph_gait,train_video_count,len15_16videos_per_id,val_c2_to_c3,subject_macro,rank1,0.9216666666666667,0.028963578661637922,0.07792446485040638,3,15
mph_gait,train_video_count,len15_16videos_per_id,val_c2_to_c3,subject_macro,rank5,0.9933333333333333,0.00942809041582059,0.02494438257849294,3,15
mph_gait,train_video_count,len15_16videos_per_id,val_c3_to_c2,query_micro,mAP,0.8912342891593773,0.027645470294981357,0.07324356210321052,3,15
mph_gait,train_video_count,len15_16videos_per_id,val_c3_to_c2,query_micro,rank1,0.9075000000000001,0.030889588321417704,0.09351916024715648,3,15
mph_gait,train_video_count,len15_16videos_per_id,val_c3_to_c2,query_micro,rank5,0.9933333333333333,0.004714045207910321,0.016996731711975965,3,15
mph_gait,train_video_count,len15_16videos_per_id,val_c3_to_c2,subject_macro,mAP,0.8912342891593773,0.027645470294981357,0.07324356210321052,3,15
mph_gait,train_video_count,len15_16videos_per_id,val_c3_to_c2,subject_macro,rank1,0.9075000000000001,0.030889588321417704,0.09351916024715648,3,15
mph_gait,train_video_count,len15_16videos_per_id,val_c3_to_c2,subject_macro,rank5,0.9933333333333333,0.004714045207910321,0.016996731711975965,3,15
mph_gait,train_video_count,len15_2videos_per_id,diagnostic_fixed5_only_to_special,query_micro,mAP,0.32624657095921034,0.012635804971841117,0.017038572147625858,3,15
mph_gait,train_video_count,len15_2videos_per_id,diagnostic_fixed5_only_to_special,query_micro,rank1,0.4702576112412178,0.020312250049651676,0.04442000082258987,3,15
mph_gait,train_video_count,len15_2videos_per_id,diagnostic_fixed5_only_to_special,query_micro,rank5,0.8465261514441842,0.02175620359481093,0.027602445752517784,3,15
mph_gait,train_video_count,len15_2videos_per_id,diagnostic_fixed5_only_to_special,subject_macro,mAP,0.32522010944599733,0.011501814444402498,0.015872288854888603,3,15
mph_gait,train_video_count,len15_2videos_per_id,diagnostic_fixed5_only_to_special,subject_macro,rank1,0.4649045578072832,0.01724797675380651,0.04227459508510976,3,15
mph_gait,train_video_count,len15_2videos_per_id,diagnostic_fixed5_only_to_special,subject_macro,rank5,0.8464848590729094,0.02265819813335378,0.02908270616541985,3,15
mph_gait,train_video_count,len15_2videos_per_id,test_all_personal,query_micro,mAP,0.2422620273435138,0.011104971055678026,0.017765455377141394,3,15
mph_gait,train_video_count,len15_2videos_per_id,test_all_personal,query_micro,rank1,0.4188979983732644,0.029472462783831012,0.04456061851972212,3,15
mph_gait,train_video_count,len15_2videos_per_id,test_all_personal,query_micro,rank5,0.7372330574219775,0.018600703839835104,0.0314493325250654,3,15
mph_gait,train_video_count,len15_2videos_per_id,test_all_personal,subject_macro,mAP,0.2421134410311795,0.011000642934982617,0.017743165911902465,3,15
mph_gait,train_video_count,len15_2videos_per_id,test_all_personal,subject_macro,rank1,0.4179535032868366,0.029208963149370402,0.0444913354529527,3,15
mph_gait,train_video_count,len15_2videos_per_id,test_all_personal,subject_macro,rank5,0.7363896103896105,0.018479216667060167,0.03133479722648571,3,15
mph_gait,train_video_count,len15_2videos_per_id,test_fixed5_c4c5_normal,query_micro,mAP,0.2203492627291672,0.010994768777012255,0.01999719876368688,3,15
mph_gait,train_video_count,len15_2videos_per_id,test_fixed5_c4c5_normal,query_micro,rank1,0.3526570048309179,0.028802427716987263,0.05900843085836704,3,15
mph_gait,train_video_count,len15_2videos_per_id,test_fixed5_c4c5_normal,query_micro,rank5,0.7172302737520129,0.021724215077668283,0.034651150161192294,3,15
mph_gait,train_video_count,len15_2videos_per_id,test_fixed5_c4c5_normal,subject_macro,mAP,0.21784812641502502,0.010563056745474003,0.019360410340120576,3,15
mph_gait,train_video_count,len15_2videos_per_id,test_fixed5_c4c5_normal,subject_macro,rank1,0.3463686815129021,0.028302386462358275,0.058605954827146804,3,15
mph_gait,train_video_count,len15_2videos_per_id,test_fixed5_c4c5_normal,subject_macro,rank5,0.7119727819017321,0.022133735927187037,0.035461412000312484,3,15
mph_gait,train_video_count,len15_2videos_per_id,test_fixed5_c7,query_micro,mAP,0.22053546963703063,0.009213663305948994,0.020678554166362745,3,15
mph_gait,train_video_count,len15_2videos_per_id,test_fixed5_c7,query_micro,rank1,0.32809523809523805,0.015922146187905235,0.07135551819813421,3,15
mph_gait,train_video_count,len15_2videos_per_id,test_fixed5_c7,query_micro,rank5,0.7200000000000001,0.03547539148988412,0.05667666978536392,3,15
mph_gait,train_video_count,len15_2videos_per_id,test_fixed5_c7,subject_macro,mAP,0.2398926081104825,0.011536962883135028,0.025286864471684378,3,15
mph_gait,train_video_count,len15_2videos_per_id,test_fixed5_c7,subject_macro,rank1,0.36180555555555555,0.022283768936710215,0.07514517841822037,3,15
mph_gait,train_video_count,len15_2videos_per_id,test_fixed5_c7,subject_macro,rank5,0.7466666666666666,0.029228109884277605,0.050671417905882546,3,15
mph_gait,train_video_count,len15_2videos_per_id,test_fixed5_to_personal,query_micro,mAP,0.2538012907745028,0.013305137821759764,0.021544619501668437,3,15
mph_gait,train_video_count,len15_2videos_per_id,test_fixed5_to_personal,query_micro,rank1,0.4277227722772277,0.030973909456501802,0.05115405087788136,3,15
mph_gait,train_video_count,len15_2videos_per_id,test_fixed5_to_personal,query_micro,rank5,0.7927392739273929,0.023835604072960797,0.04097728896414192,3,15
mph_gait,train_video_count,len15_2videos_per_id,test_fixed5_to_personal,subject_macro,mAP,0.25379250620542065,0.013104202040420137,0.021516189830346887,3,15
mph_gait,train_video_count,len15_2videos_per_id,test_fixed5_to_personal,subject_macro,rank1,0.42638095238095247,0.030176001737751743,0.05081759356335827,3,15
mph_gait,train_video_count,len15_2videos_per_id,test_fixed5_to_personal,subject_macro,rank5,0.7916507936507937,0.023749044881405966,0.04082552025457162,3,15
mph_gait,train_video_count,len15_2videos_per_id,test_fixed5_to_special,query_micro,mAP,0.21807905494771276,0.010254472002683458,0.019374693070377556,3,15
mph_gait,train_video_count,len15_2videos_per_id,test_fixed5_to_special,query_micro,rank1,0.3389539422326307,0.021177084678276028,0.05445131349249486,3,15
mph_gait,train_video_count,len15_2videos_per_id,test_fixed5_to_special,query_micro,rank5,0.7080405932864949,0.027392349413537492,0.03541044184814324,3,15
mph_gait,train_video_count,len15_2videos_per_id,test_fixed5_to_special,subject_macro,mAP,0.21773413327770172,0.009586719368765475,0.019131775230549163,3,15
mph_gait,train_video_count,len15_2videos_per_id,test_fixed5_to_special,subject_macro,rank1,0.33628878018479696,0.019753956985063627,0.05364156927475102,3,15
mph_gait,train_video_count,len15_2videos_per_id,test_fixed5_to_special,subject_macro,rank5,0.7057307787871729,0.027514247482038963,0.038111860889176154,3,15
mph_gait,train_video_count,len15_2videos_per_id,test_general_to_personal,query_micro,mAP,0.22962341824152013,0.009611925125953645,0.020567873398581425,3,15
mph_gait,train_video_count,len15_2videos_per_id,test_general_to_personal,query_micro,rank1,0.40818300653594775,0.031452338622951936,0.058613414135591485,3,15
mph_gait,train_video_count,len15_2videos_per_id,test_general_to_personal,query_micro,rank5,0.6780849673202614,0.014950163554956913,0.05105665006300718,3,15
mph_gait,train_video_count,len15_2videos_per_id,test_general_to_personal,subject_macro,mAP,0.22946855481770456,0.00955374354930899,0.020371157072895295,3,15
mph_gait,train_video_count,len15_2videos_per_id,test_general_to_personal,subject_macro,rank1,0.4078787878787879,0.031508041155932406,0.058371534126891916,3,15
mph_gait,train_video_count,len15_2videos_per_id,test_general_to_personal,subject_macro,rank5,0.677969696969697,0.014737198924475987,0.05079359644535003,3,15
mph_gait,train_video_count,len15_2videos_per_id,test_mixed_c2_to_c3,query_micro,mAP,0.28552468303315065,0.010489736220129742,0.03151166489686413,3,15
mph_gait,train_video_count,len15_2videos_per_id,test_mixed_c2_to_c3,query_micro,rank1,0.4061111111111111,0.014337208778404388,0.058699906408321297,3,15
mph_gait,train_video_count,len15_2videos_per_id,test_mixed_c2_to_c3,query_micro,rank5,0.6533333333333333,0.014142135623730963,0.03822448313726572,3,15
mph_gait,train_video_count,len15_2videos_per_id,test_mixed_c2_to_c3,subject_macro,mAP,0.28514019078816527,0.010347593742901232,0.031561032684519215,3,15
mph_gait,train_video_count,len15_2videos_per_id,test_mixed_c2_to_c3,subject_macro,rank1,0.40277777777777785,0.014719601443879758,0.05824066713767946,3,15
mph_gait,train_video_count,len15_2videos_per_id,test_mixed_c2_to_c3,subject_macro,rank5,0.6533333333333333,0.014142135623730963,0.03822448313726572,3,15
mph_gait,train_video_count,len15_2videos_per_id,test_mixed_c3_to_c2,query_micro,mAP,0.2782833926669426,0.013121732387110176,0.028087397725563984,3,15
mph_gait,train_video_count,len15_2videos_per_id,test_mixed_c3_to_c2,query_micro,rank1,0.34425925925925926,0.019289506162962645,0.05971870503567995,3,15
mph_gait,train_video_count,len15_2videos_per_id,test_mixed_c3_to_c2,query_micro,rank5,0.6079629629629629,0.02951714760513765,0.07340110971976703,3,15
mph_gait,train_video_count,len15_2videos_per_id,test_mixed_c3_to_c2,subject_macro,mAP,0.2783546185079548,0.01308064058866399,0.028144130131825314,3,15
mph_gait,train_video_count,len15_2videos_per_id,test_mixed_c3_to_c2,subject_macro,rank1,0.34592592592592597,0.019353402383390964,0.05950642897337428,3,15
mph_gait,train_video_count,len15_2videos_per_id,test_mixed_c3_to_c2,subject_macro,rank5,0.6114814814814814,0.027852984610534603,0.07371580023569964,3,15
mph_gait,train_video_count,len15_2videos_per_id,test_query_micro_overall,query_micro,mAP,0.22574731591867658,0.00921570817077117,0.017260014996990675,3,15
mph_gait,train_video_count,len15_2videos_per_id,test_query_micro_overall,query_micro,rank1,0.3641649993703296,0.022005588528891916,0.04476157688729975,3,15
mph_gait,train_video_count,len15_2videos_per_id,test_query_micro_overall,query_micro,rank5,0.7174577056583425,0.023889980422822612,0.029842676343422258,3,15
mph_gait,train_video_count,len15_2videos_per_id,test_query_micro_overall,subject_macro,mAP,0.22734090695166945,0.008794188804386826,0.015962650624455774,3,15
mph_gait,train_video_count,len15_2videos_per_id,test_query_micro_overall,subject_macro,rank1,0.3803853011911836,0.024894301368754066,0.04116580932778412,3,15
mph_gait,train_video_count,len15_2videos_per_id,test_query_micro_overall,subject_macro,rank5,0.7014720601596419,0.018560192690478344,0.028817021479722312,3,15
mph_gait,train_video_count,len15_2videos_per_id,val,query_micro,mAP,0.3848031951436907,0.005944132339087919,0.03762087478618464,3,15
mph_gait,train_video_count,len15_2videos_per_id,val,query_micro,rank1,0.5676176470588236,0.02780820210050517,0.08016791977317787,3,15
mph_gait,train_video_count,len15_2videos_per_id,val,query_micro,rank5,0.8468169934640523,0.012545059968982065,0.0429466207589214,3,15
mph_gait,train_video_count,len15_2videos_per_id,val,subject_macro,mAP,0.38463149650711,0.005690509290312782,0.03759662507359448,3,15
mph_gait,train_video_count,len15_2videos_per_id,val,subject_macro,rank1,0.5658484848484848,0.025819604456465643,0.07891549105916576,3,15
mph_gait,train_video_count,len15_2videos_per_id,val,subject_macro,rank5,0.8462424242424241,0.013455893325878725,0.04528322765738663,3,15
mph_gait,train_video_count,len15_2videos_per_id,val_c2_to_c3,query_micro,mAP,0.40605601144333675,0.005315732795584816,0.036349839687112966,3,15
mph_gait,train_video_count,len15_2videos_per_id,val_c2_to_c3,query_micro,rank1,0.47750000000000004,0.01241638702145945,0.07161820066621799,3,15
mph_gait,train_video_count,len15_2videos_per_id,val_c2_to_c3,query_micro,rank5,0.8366666666666666,0.023921166824012144,0.08797095480264433,3,15
mph_gait,train_video_count,len15_2videos_per_id,val_c2_to_c3,subject_macro,mAP,0.40605601144333675,0.005315732795584816,0.036349839687112966,3,15
mph_gait,train_video_count,len15_2videos_per_id,val_c2_to_c3,subject_macro,rank1,0.47750000000000004,0.01241638702145945,0.07161820066621799,3,15
mph_gait,train_video_count,len15_2videos_per_id,val_c2_to_c3,subject_macro,rank5,0.8366666666666666,0.023921166824012144,0.08797095480264433,3,15
mph_gait,train_video_count,len15_2videos_per_id,val_c3_to_c2,query_micro,mAP,0.4094688237210115,0.0022922158415527353,0.03847325622569414,3,15
mph_gait,train_video_count,len15_2videos_per_id,val_c3_to_c2,query_micro,rank1,0.4558333333333333,0.01476670428889115,0.0897759557020822,3,15
mph_gait,train_video_count,len15_2videos_per_id,val_c3_to_c2,query_micro,rank5,0.8024999999999999,0.021602468994692887,0.04856267428111156,3,15
mph_gait,train_video_count,len15_2videos_per_id,val_c3_to_c2,subject_macro,mAP,0.4094688237210115,0.0022922158415527353,0.03847325622569414,3,15
mph_gait,train_video_count,len15_2videos_per_id,val_c3_to_c2,subject_macro,rank1,0.4558333333333333,0.01476670428889115,0.0897759557020822,3,15
mph_gait,train_video_count,len15_2videos_per_id,val_c3_to_c2,subject_macro,rank5,0.8024999999999999,0.021602468994692887,0.04856267428111156,3,15
mph_gait,train_video_count,len15_4videos_per_id,diagnostic_fixed5_only_to_special,query_micro,mAP,0.4282060279942043,0.011072228003826259,0.019951560492114644,3,15
mph_gait,train_video_count,len15_4videos_per_id,diagnostic_fixed5_only_to_special,query_micro,rank1,0.7086651053864168,0.0066349818457067415,0.036719638637039136,3,15
mph_gait,train_video_count,len15_4videos_per_id,diagnostic_fixed5_only_to_special,query_micro,rank5,0.9478532396565184,0.007458280039029642,0.016789389612827527,3,15
mph_gait,train_video_count,len15_4videos_per_id,diagnostic_fixed5_only_to_special,subject_macro,mAP,0.4179122702113518,0.010678990461938561,0.019448419091854293,3,15
mph_gait,train_video_count,len15_4videos_per_id,diagnostic_fixed5_only_to_special,subject_macro,rank1,0.6869106995884774,0.013917777932295712,0.03642639744000721,3,15
mph_gait,train_video_count,len15_4videos_per_id,diagnostic_fixed5_only_to_special,subject_macro,rank5,0.9349004348163676,0.007712931939175732,0.02219841900666649,3,15
mph_gait,train_video_count,len15_4videos_per_id,test_all_personal,query_micro,mAP,0.34585569358976426,0.013097222644527345,0.025507672883800733,3,15
mph_gait,train_video_count,len15_4videos_per_id,test_all_personal,query_micro,rank1,0.5937422089490855,0.03193934363322547,0.04642366721449649,3,15
mph_gait,train_video_count,len15_4videos_per_id,test_all_personal,query_micro,rank5,0.8321665944741271,0.01466624717796339,0.04585043173808281,3,15
mph_gait,train_video_count,len15_4videos_per_id,test_all_personal,subject_macro,mAP,0.345328716671183,0.013268922808413849,0.025379188714739702,3,15
mph_gait,train_video_count,len15_4videos_per_id,test_all_personal,subject_macro,rank1,0.5924096520763188,0.03206662528370622,0.04639144678609606,3,15
mph_gait,train_video_count,len15_4videos_per_id,test_all_personal,subject_macro,rank5,0.8316491903158569,0.01479161248658722,0.04614559554823442,3,15
mph_gait,train_video_count,len15_4videos_per_id,test_fixed5_c4c5_normal,query_micro,mAP,0.2987177007560185,0.0012368231285886991,0.031054994854822986,3,15
mph_gait,train_video_count,len15_4videos_per_id,test_fixed5_c4c5_normal,query_micro,rank1,0.5552334943639292,0.021923829211101448,0.08651645070366745,3,15
mph_gait,train_video_count,len15_4videos_per_id,test_fixed5_c4c5_normal,query_micro,rank5,0.8499194847020934,0.007580420158415292,0.05083468368581148,3,15
mph_gait,train_video_count,len15_4videos_per_id,test_fixed5_c4c5_normal,subject_macro,mAP,0.29664557833411,0.0004851885476823087,0.030394479558476285,3,15
mph_gait,train_video_count,len15_4videos_per_id,test_fixed5_c4c5_normal,subject_macro,rank1,0.5537765995051255,0.0209620251214625,0.08682062548446377,3,15
mph_gait,train_video_count,len15_4videos_per_id,test_fixed5_c4c5_normal,subject_macro,rank5,0.848769176387416,0.00675454246342741,0.050408065875122886,3,15
mph_gait,train_video_count,len15_4videos_per_id,test_fixed5_c7,query_micro,mAP,0.3207193312226307,0.006658345347461082,0.029207890942941257,3,15
mph_gait,train_video_count,len15_4videos_per_id,test_fixed5_c7,query_micro,rank1,0.5742857142857143,0.009258200997725471,0.07918805654465659,3,15
mph_gait,train_video_count,len15_4videos_per_id,test_fixed5_c7,query_micro,rank5,0.8433333333333334,0.009060141709733504,0.0478423336480244,3,15
mph_gait,train_video_count,len15_4videos_per_id,test_fixed5_c7,subject_macro,mAP,0.30780344669707116,0.009230789389162327,0.0350293225582916,3,15
mph_gait,train_video_count,len15_4videos_per_id,test_fixed5_c7,subject_macro,rank1,0.5176388888888889,0.01577229951842043,0.09854222946358743,3,15
mph_gait,train_video_count,len15_4videos_per_id,test_fixed5_c7,subject_macro,rank5,0.7915277777777777,0.013212706660028078,0.06788584281218718,3,15
mph_gait,train_video_count,len15_4videos_per_id,test_fixed5_to_personal,query_micro,mAP,0.3316650816070365,0.003962377702101922,0.028664789046391824,3,15
mph_gait,train_video_count,len15_4videos_per_id,test_fixed5_to_personal,query_micro,rank1,0.5544554455445544,0.014095152807962088,0.06313903125316499,3,15
mph_gait,train_video_count,len15_4videos_per_id,test_fixed5_to_personal,query_micro,rank5,0.8264026402640265,0.008296901049489469,0.05187295763534918,3,15
mph_gait,train_video_count,len15_4videos_per_id,test_fixed5_to_personal,subject_macro,mAP,0.3310219230287605,0.003910649689642074,0.02863334295101547,3,15
mph_gait,train_video_count,len15_4videos_per_id,test_fixed5_to_personal,subject_macro,rank1,0.552,0.013498299212591708,0.06295139638545207,3,15
mph_gait,train_video_count,len15_4videos_per_id,test_fixed5_to_personal,subject_macro,rank5,0.8248571428571428,0.008478865281544741,0.05226659956495298,3,15
mph_gait,train_video_count,len15_4videos_per_id,test_fixed5_to_special,query_micro,mAP,0.30863438560965467,0.004244210343361478,0.027936343573190307,3,15
mph_gait,train_video_count,len15_4videos_per_id,test_fixed5_to_special,query_micro,rank1,0.5820452771272443,0.0235510211675357,0.07709563299889684,3,15
mph_gait,train_video_count,len15_4videos_per_id,test_fixed5_to_special,query_micro,rank5,0.8619828259172522,0.012441356323582505,0.04000474084331091,3,15
mph_gait,train_video_count,len15_4videos_per_id,test_fixed5_to_special,subject_macro,mAP,0.29883433698948725,0.0017688318727583502,0.0262202658376118,3,15
mph_gait,train_video_count,len15_4videos_per_id,test_fixed5_to_special,subject_macro,rank1,0.5617697569687087,0.01912594887240334,0.07316478975788604,3,15
mph_gait,train_video_count,len15_4videos_per_id,test_fixed5_to_special,subject_macro,rank5,0.8441877319667676,0.007802675671964004,0.04142605030512552,3,15
mph_gait,train_video_count,len15_4videos_per_id,test_general_to_personal,query_micro,mAP,0.36004875743506,0.024725130564813392,0.04325502763121558,3,15
mph_gait,train_video_count,len15_4videos_per_id,test_general_to_personal,query_micro,rank1,0.6326764705882353,0.05759602972436771,0.08093653522881723,3,15
mph_gait,train_video_count,len15_4videos_per_id,test_general_to_personal,query_micro,rank5,0.8379705882352941,0.021573334305194942,0.054802570516628506,3,15
mph_gait,train_video_count,len15_4videos_per_id,test_general_to_personal,subject_macro,mAP,0.35970249492426715,0.024912934204003655,0.04288405908271671,3,15
mph_gait,train_video_count,len15_4videos_per_id,test_general_to_personal,subject_macro,rank1,0.6325909090909091,0.0577884071419173,0.08097766076332238,3,15
mph_gait,train_video_count,len15_4videos_per_id,test_general_to_personal,subject_macro,rank5,0.8385303030303031,0.021606496234292564,0.05529366047648581,3,15
mph_gait,train_video_count,len15_4videos_per_id,test_mixed_c2_to_c3,query_micro,mAP,0.3898565642301131,0.011579977261847682,0.0215900104984776,3,15
mph_gait,train_video_count,len15_4videos_per_id,test_mixed_c2_to_c3,query_micro,rank1,0.6057407407407408,0.027058591104078617,0.07407499999421305,3,15
mph_gait,train_video_count,len15_4videos_per_id,test_mixed_c2_to_c3,query_micro,rank5,0.7668518518518518,0.015026268722296867,0.03185723468728006,3,15
mph_gait,train_video_count,len15_4videos_per_id,test_mixed_c2_to_c3,subject_macro,mAP,0.3898565642301131,0.011579977261847682,0.0215900104984776,3,15
mph_gait,train_video_count,len15_4videos_per_id,test_mixed_c2_to_c3,subject_macro,rank1,0.6057407407407408,0.027058591104078617,0.07407499999421305,3,15
mph_gait,train_video_count,len15_4videos_per_id,test_mixed_c2_to_c3,subject_macro,rank5,0.7668518518518518,0.015026268722296867,0.03185723468728006,3,15
mph_gait,train_video_count,len15_4videos_per_id,test_mixed_c3_to_c2,query_micro,mAP,0.39070719273140037,0.012410953887428156,0.026731670365488472,3,15
mph_gait,train_video_count,len15_4videos_per_id,test_mixed_c3_to_c2,query_micro,rank1,0.5533333333333333,0.023639960588493256,0.06677614467714041,3,15
mph_gait,train_video_count,len15_4videos_per_id,test_mixed_c3_to_c2,query_micro,rank5,0.7564814814814814,0.016913805531526573,0.06882812931832111,3,15
mph_gait,train_video_count,len15_4videos_per_id,test_mixed_c3_to_c2,subject_macro,mAP,0.39093985955058425,0.012304407538815319,0.0266085992589338,3,15
mph_gait,train_video_count,len15_4videos_per_id,test_mixed_c3_to_c2,subject_macro,rank1,0.5551851851851852,0.022632023877706957,0.06406069224422514,3,15
mph_gait,train_video_count,len15_4videos_per_id,test_mixed_c3_to_c2,subject_macro,rank5,0.7564814814814814,0.016913805531526573,0.06882812931832111,3,15
mph_gait,train_video_count,len15_4videos_per_id,test_query_micro_overall,query_micro,mAP,0.3204473935510674,0.002936915211841246,0.024046183236700706,3,15
mph_gait,train_video_count,len15_4videos_per_id,test_query_micro_overall,query_micro,rank1,0.5859931543295607,0.0076219416683288126,0.05589391931076885,3,15
mph_gait,train_video_count,len15_4videos_per_id,test_query_micro_overall,query_micro,rank5,0.8526067380056652,0.006879371273926001,0.039570665142335176,3,15
mph_gait,train_video_count,len15_4videos_per_id,test_query_micro_overall,subject_macro,mAP,0.33209861051970946,0.011902684700573653,0.025432235223189038,3,15
mph_gait,train_video_count,len15_4videos_per_id,test_query_micro_overall,subject_macro,rank1,0.5963129874845561,0.02188652729877397,0.04191936407008397,3,15
mph_gait,train_video_count,len15_4videos_per_id,test_query_micro_overall,subject_macro,rank5,0.8398822729316193,0.009841668333930569,0.04334890550704006,3,15
mph_gait,train_video_count,len15_4videos_per_id,val,query_micro,mAP,0.49258453594771473,0.014031884071112994,0.035120752967955984,3,15
mph_gait,train_video_count,len15_4videos_per_id,val,query_micro,rank1,0.7501960784313725,0.01781862318058764,0.04451213966978927,3,15
mph_gait,train_video_count,len15_4videos_per_id,val,query_micro,rank5,0.9259411764705883,0.006364811793625067,0.03452127334657831,3,15
mph_gait,train_video_count,len15_4videos_per_id,val,subject_macro,mAP,0.49263928068903357,0.013987675777900358,0.035160313290719156,3,15
mph_gait,train_video_count,len15_4videos_per_id,val,subject_macro,rank1,0.7506060606060606,0.01795580484011739,0.04498022726500784,3,15
mph_gait,train_video_count,len15_4videos_per_id,val,subject_macro,rank5,0.9262727272727274,0.006402909118444823,0.034587773122691456,3,15
mph_gait,train_video_count,len15_4videos_per_id,val_c2_to_c3,query_micro,mAP,0.49668431393802165,0.012755240142573178,0.02852424048765043,3,15
mph_gait,train_video_count,len15_4videos_per_id,val_c2_to_c3,query_micro,rank1,0.655,0.018371173070873808,0.05279678020485717,3,15
mph_gait,train_video_count,len15_4videos_per_id,val_c2_to_c3,query_micro,rank5,0.8733333333333334,0.010069204977995449,0.08766254743174089,3,15
mph_gait,train_video_count,len15_4videos_per_id,val_c2_to_c3,subject_macro,mAP,0.49668431393802165,0.012755240142573178,0.02852424048765043,3,15
mph_gait,train_video_count,len15_4videos_per_id,val_c2_to_c3,subject_macro,rank1,0.655,0.018371173070873808,0.05279678020485717,3,15
mph_gait,train_video_count,len15_4videos_per_id,val_c2_to_c3,subject_macro,rank5,0.8733333333333334,0.010069204977995449,0.08766254743174089,3,15
mph_gait,train_video_count,len15_4videos_per_id,val_c3_to_c2,query_micro,mAP,0.5061775651822488,0.013363145456250582,0.02868411279838175,3,15
mph_gait,train_video_count,len15_4videos_per_id,val_c3_to_c2,query_micro,rank1,0.645,0.024494897427831803,0.0988264472024906,3,15
mph_gait,train_video_count,len15_4videos_per_id,val_c3_to_c2,query_micro,rank5,0.8408333333333333,0.0163724022536571,0.06838412746309548,3,15
mph_gait,train_video_count,len15_4videos_per_id,val_c3_to_c2,subject_macro,mAP,0.5061775651822488,0.013363145456250582,0.02868411279838175,3,15
mph_gait,train_video_count,len15_4videos_per_id,val_c3_to_c2,subject_macro,rank1,0.645,0.024494897427831803,0.0988264472024906,3,15
mph_gait,train_video_count,len15_4videos_per_id,val_c3_to_c2,subject_macro,rank5,0.8408333333333333,0.0163724022536571,0.06838412746309548,3,15
mph_gait,train_video_count,len15_8videos_per_id,diagnostic_fixed5_only_to_special,query_micro,mAP,0.5339322742263756,0.04957952938359957,0.07692561593215723,3,15
mph_gait,train_video_count,len15_8videos_per_id,diagnostic_fixed5_only_to_special,query_micro,rank1,0.7453551912568305,0.013598383505334388,0.05455194518200877,3,15
mph_gait,train_video_count,len15_8videos_per_id,diagnostic_fixed5_only_to_special,query_micro,rank5,0.9298985167837627,0.011826633482845047,0.019301869739922678,3,15
mph_gait,train_video_count,len15_8videos_per_id,diagnostic_fixed5_only_to_special,subject_macro,mAP,0.5166488480443481,0.04840543177935078,0.07604428051174009,3,15
mph_gait,train_video_count,len15_8videos_per_id,diagnostic_fixed5_only_to_special,subject_macro,rank1,0.7105411677925305,0.014958042093395529,0.04604120895113074,3,15
mph_gait,train_video_count,len15_8videos_per_id,diagnostic_fixed5_only_to_special,subject_macro,rank5,0.9048379610218186,0.015570775545309697,0.02499357322109931,3,15
mph_gait,train_video_count,len15_8videos_per_id,test_all_personal,query_micro,mAP,0.48058432130504,0.051847214850557724,0.07576614959950691,3,15
mph_gait,train_video_count,len15_8videos_per_id,test_all_personal,query_micro,rank1,0.7110779734039886,0.035670702622582574,0.06472698334678798,3,15
mph_gait,train_video_count,len15_8videos_per_id,test_all_personal,query_micro,rank5,0.9090950639214275,0.0121626571401574,0.03426665678242611,3,15
mph_gait,train_video_count,len15_8videos_per_id,test_all_personal,subject_macro,mAP,0.4803454902935054,0.05197187648171644,0.07561197716208871,3,15
mph_gait,train_video_count,len15_8videos_per_id,test_all_personal,subject_macro,rank1,0.7103496873496873,0.03619504828942919,0.06500174577854212,3,15
mph_gait,train_video_count,len15_8videos_per_id,test_all_personal,subject_macro,rank5,0.9088526535193201,0.012244546759571937,0.034374627379542035,3,15
mph_gait,train_video_count,len15_8videos_per_id,test_fixed5_c4c5_normal,query_micro,mAP,0.4029506100884574,0.044726384739505264,0.09780734284148479,3,15
mph_gait,train_video_count,len15_8videos_per_id,test_fixed5_c4c5_normal,query_micro,rank1,0.5964573268921095,0.031011666646597682,0.12347844567240594,3,15
mph_gait,train_video_count,len15_8videos_per_id,test_fixed5_c4c5_normal,query_micro,rank5,0.8537842190016103,0.02761475183281942,0.05316839143261504,3,15
mph_gait,train_video_count,len15_8videos_per_id,test_fixed5_c4c5_normal,subject_macro,mAP,0.40171937624830717,0.04449365017331323,0.09728047251319712,3,15
mph_gait,train_video_count,len15_8videos_per_id,test_fixed5_c4c5_normal,subject_macro,rank1,0.5933510074231177,0.030755557022681512,0.1216234976557445,3,15
mph_gait,train_video_count,len15_8videos_per_id,test_fixed5_c4c5_normal,subject_macro,rank5,0.8509487451396253,0.02668157901183787,0.05205692106177907,3,15
mph_gait,train_video_count,len15_8videos_per_id,test_fixed5_c7,query_micro,mAP,0.43406692702145805,0.0269822805166607,0.06430699527037055,3,15
mph_gait,train_video_count,len15_8videos_per_id,test_fixed5_c7,query_micro,rank1,0.6261904761904762,0.000673435029701482,0.08696182079880797,3,15
mph_gait,train_video_count,len15_8videos_per_id,test_fixed5_c7,query_micro,rank5,0.8623809523809524,0.002428104530282257,0.034647561454440465,3,15
mph_gait,train_video_count,len15_8videos_per_id,test_fixed5_c7,subject_macro,mAP,0.38418670608972505,0.019601884597546415,0.061023856109583954,3,15
mph_gait,train_video_count,len15_8videos_per_id,test_fixed5_c7,subject_macro,rank1,0.5348611111111111,0.01760002279740384,0.108085899766783,3,15
mph_gait,train_video_count,len15_8videos_per_id,test_fixed5_c7,subject_macro,rank5,0.7866666666666667,0.00034020690871989373,0.046259383432505415,3,15
mph_gait,train_video_count,len15_8videos_per_id,test_fixed5_to_personal,query_micro,mAP,0.446964931374926,0.059642461642464804,0.09871880458282017,3,15
mph_gait,train_video_count,len15_8videos_per_id,test_fixed5_to_personal,query_micro,rank1,0.6389438943894389,0.04957970153983873,0.10607570833446822,3,15
mph_gait,train_video_count,len15_8videos_per_id,test_fixed5_to_personal,query_micro,rank5,0.8785478547854786,0.02294144844486166,0.04692507613775899,3,15
mph_gait,train_video_count,len15_8videos_per_id,test_fixed5_to_personal,subject_macro,mAP,0.4461933256777979,0.05976149935352455,0.09843985144689234,3,15
mph_gait,train_video_count,len15_8videos_per_id,test_fixed5_to_personal,subject_macro,rank1,0.637079365079365,0.050418075759748084,0.10650936057525015,3,15
mph_gait,train_video_count,len15_8videos_per_id,test_fixed5_to_personal,subject_macro,rank5,0.8775873015873016,0.023304398429107816,0.047315689812086136,3,15
mph_gait,train_video_count,len15_8videos_per_id,test_fixed5_to_special,query_micro,mAP,0.41741054764164326,0.04352079798644915,0.09651940079594114,3,15
mph_gait,train_video_count,len15_8videos_per_id,test_fixed5_to_special,query_micro,rank1,0.6271662763466042,0.023849290449416118,0.11469258655039713,3,15
mph_gait,train_video_count,len15_8videos_per_id,test_fixed5_to_special,query_micro,rank5,0.8741608118657299,0.018693682494420993,0.04178401335727313,3,15
mph_gait,train_video_count,len15_8videos_per_id,test_fixed5_to_special,subject_macro,mAP,0.40082339587939436,0.04274449835003183,0.09426638577187996,3,15
mph_gait,train_video_count,len15_8videos_per_id,test_fixed5_to_special,subject_macro,rank1,0.5934089991458964,0.026116322481828023,0.1097608581792508,3,15
mph_gait,train_video_count,len15_8videos_per_id,test_fixed5_to_special,subject_macro,rank5,0.845485581178663,0.016161223994715854,0.03907720129828591,3,15
mph_gait,train_video_count,len15_8videos_per_id,test_general_to_personal,query_micro,mAP,0.5139115820356395,0.04302659752563633,0.06207105948496097,3,15
mph_gait,train_video_count,len15_8videos_per_id,test_general_to_personal,query_micro,rank1,0.7846699346405229,0.0258284201567826,0.04056897204253913,3,15
mph_gait,train_video_count,len15_8videos_per_id,test_general_to_personal,query_micro,rank5,0.9406960784313726,0.004754453856656294,0.0284718902185236,3,15
mph_gait,train_video_count,len15_8videos_per_id,test_general_to_personal,subject_macro,mAP,0.5141779818628548,0.04321910957822595,0.062203135006501285,3,15
mph_gait,train_video_count,len15_8videos_per_id,test_general_to_personal,subject_macro,rank1,0.7849242424242425,0.025924034322526955,0.04070214209329226,3,15
mph_gait,train_video_count,len15_8videos_per_id,test_general_to_personal,subject_macro,rank5,0.9409848484848485,0.004793293830800852,0.028491899514154914,3,15
mph_gait,train_video_count,len15_8videos_per_id,test_mixed_c2_to_c3,query_micro,mAP,0.5503644097499826,0.05547753058443306,0.07813679351386763,3,15
mph_gait,train_video_count,len15_8videos_per_id,test_mixed_c2_to_c3,query_micro,rank1,0.755,0.04627480982879731,0.06124732294477233,3,15
mph_gait,train_video_count,len15_8videos_per_id,test_mixed_c2_to_c3,query_micro,rank5,0.9074074074074074,0.03348525052532062,0.0554597940107487,3,15
mph_gait,train_video_count,len15_8videos_per_id,test_mixed_c2_to_c3,subject_macro,mAP,0.5503644097499826,0.05547753058443306,0.07813679351386763,3,15
mph_gait,train_video_count,len15_8videos_per_id,test_mixed_c2_to_c3,subject_macro,rank1,0.755,0.04627480982879731,0.06124732294477233,3,15
mph_gait,train_video_count,len15_8videos_per_id,test_mixed_c2_to_c3,subject_macro,rank5,0.9074074074074074,0.03348525052532062,0.0554597940107487,3,15
mph_gait,train_video_count,len15_8videos_per_id,test_mixed_c3_to_c2,query_micro,mAP,0.5448633099126595,0.060282268155132025,0.08281309586673741,3,15
mph_gait,train_video_count,len15_8videos_per_id,test_mixed_c3_to_c2,query_micro,rank1,0.697962962962963,0.04293821126086389,0.08412871450085593,3,15
mph_gait,train_video_count,len15_8videos_per_id,test_mixed_c3_to_c2,query_micro,rank5,0.887962962962963,0.0501280938072825,0.07908730048113721,3,15
mph_gait,train_video_count,len15_8videos_per_id,test_mixed_c3_to_c2,subject_macro,mAP,0.5448633099126595,0.060282268155132025,0.08281309586673741,3,15
mph_gait,train_video_count,len15_8videos_per_id,test_mixed_c3_to_c2,subject_macro,rank1,0.697962962962963,0.04293821126086389,0.08412871450085593,3,15
mph_gait,train_video_count,len15_8videos_per_id,test_mixed_c3_to_c2,subject_macro,rank5,0.887962962962963,0.0501280938072825,0.07908730048113721,3,15
mph_gait,train_video_count,len15_8videos_per_id,test_query_micro_overall,query_micro,mAP,0.43766548177232695,0.046157097654652715,0.08792115963695951,3,15
mph_gait,train_video_count,len15_8videos_per_id,test_query_micro_overall,query_micro,rank1,0.6539791180002377,0.027376298941811168,0.09273640133957657,3,15
mph_gait,train_video_count,len15_8videos_per_id,test_query_micro_overall,query_micro,rank5,0.8852214400119194,0.016554271301647515,0.03683052797039913,3,15
mph_gait,train_video_count,len15_8videos_per_id,test_query_micro_overall,subject_macro,mAP,0.461912323364776,0.04484556678040777,0.07201074731878934,3,15
mph_gait,train_video_count,len15_8videos_per_id,test_query_micro_overall,subject_macro,rank1,0.6930932949161708,0.027226230645461775,0.059646125096152414,3,15
mph_gait,train_video_count,len15_8videos_per_id,test_query_micro_overall,subject_macro,rank5,0.8969261500784377,0.010093070070909272,0.029093109271833152,3,15
mph_gait,train_video_count,len15_8videos_per_id,val,query_micro,mAP,0.6336510000345754,0.037248479729166374,0.04789943898129702,3,15
mph_gait,train_video_count,len15_8videos_per_id,val,query_micro,rank1,0.8686895424836601,0.007200619808523122,0.0439856939779674,3,15
mph_gait,train_video_count,len15_8videos_per_id,val,query_micro,rank5,0.9686568627450981,0.008705643139856703,0.02705502128254095,3,15
mph_gait,train_video_count,len15_8videos_per_id,val,subject_macro,mAP,0.6339211120406786,0.03724549881073281,0.04793077313824646,3,15
mph_gait,train_video_count,len15_8videos_per_id,val,subject_macro,rank1,0.8693787878787879,0.007147244487557583,0.044014340471325984,3,15
mph_gait,train_video_count,len15_8videos_per_id,val,subject_macro,rank5,0.9690454545454545,0.008420017471174001,0.026718639092048257,3,15
mph_gait,train_video_count,len15_8videos_per_id,val_c2_to_c3,query_micro,mAP,0.6458775603274504,0.05314967375229546,0.06946603870572803,3,15
mph_gait,train_video_count,len15_8videos_per_id,val_c2_to_c3,query_micro,rank1,0.7458333333333332,0.02974428049595796,0.04370036867375633,3,15
mph_gait,train_video_count,len15_8videos_per_id,val_c2_to_c3,query_micro,rank5,0.9366666666666665,0.023570226039551605,0.07408703590297622,3,15
mph_gait,train_video_count,len15_8videos_per_id,val_c2_to_c3,subject_macro,mAP,0.6458775603274504,0.05314967375229546,0.06946603870572803,3,15
mph_gait,train_video_count,len15_8videos_per_id,val_c2_to_c3,subject_macro,rank1,0.7458333333333332,0.02974428049595796,0.04370036867375633,3,15
mph_gait,train_video_count,len15_8videos_per_id,val_c2_to_c3,subject_macro,rank5,0.9366666666666665,0.023570226039551605,0.07408703590297622,3,15
mph_gait,train_video_count,len15_8videos_per_id,val_c3_to_c2,query_micro,mAP,0.6310555202389757,0.045946556366604614,0.062221592021207604,3,15
mph_gait,train_video_count,len15_8videos_per_id,val_c3_to_c2,query_micro,rank1,0.775,0.049539546492339485,0.12424773639789177,3,15
mph_gait,train_video_count,len15_8videos_per_id,val_c3_to_c2,query_micro,rank5,0.9383333333333334,0.04436277218068721,0.07561782564683776,3,15
mph_gait,train_video_count,len15_8videos_per_id,val_c3_to_c2,subject_macro,mAP,0.6310555202389757,0.045946556366604614,0.062221592021207604,3,15
mph_gait,train_video_count,len15_8videos_per_id,val_c3_to_c2,subject_macro,rank1,0.775,0.049539546492339485,0.12424773639789177,3,15
mph_gait,train_video_count,len15_8videos_per_id,val_c3_to_c2,subject_macro,rank5,0.9383333333333334,0.04436277218068721,0.07561782564683776,3,15
